Workbook

Sheet 대시보드
B1: 🏠 우리집 주식회사 · 자산관리 대시보드
B2: ="기준월 "&설정!$B$3&" 결산 · 보기: "&설정!$B$4&" · 금액 단위: 원" -> 기준월 2026-09 결산 · 보기: 전체 · 금액 단위: 원
B4: 기준월 (yyyy-mm) | C4: 2026-09 | D4: 보기 | E4: 전체 | G4: 오늘 | H4: =설정!$B$10 -> 46306 | I4: ← 노란 칸을 바꾸면 모든 시트가 다시 계산됩니다
B6: 순자산 | D6: 저축률 (이번 달) | F6: 월 투자 납입액 | H6: 투자+연금 자산 | J6: 소비 예산 집행률
B7: =재무상태표!B11 -> 0 | D7: =IF(설정!$B$4="공동","",손익!M37) -> 0 | F7: =손익!M45 -> 0 | H7: =재무상태표!B13 -> 0 | J7: =예산!G45 -> 0
B8: ="약 "&TEXT(재무상태표!B11/100000000,"0.00")&"억원" -> 약 0.00억원 | D8: =IF(설정!$B$4="공동","공동 보기는 직접 소득이 없어 계산하지 않음","목표 "&TEXT(설정!$B$12,"0%")&" · 12개월 "&TEXT(손익!N37,"0.0%")) -> 목표 30% · 12개월 0.0% | F8: ="목표 "&TEXT(설정!$B$29,"#,##0")&" · 납입률 "&TEXT(손익!M51,"0%") -> 목표 2,200,000 · 납입률 0% | H8: ="총자산의 "&TEXT(IF(재무상태표!B9=0,0,재무상태표!B13/재무상태표!B9),"0.0%") -> 총자산의 0.0% | J8: =IF(설정!$B$4="전체","실적 "&TEXT(예산!F45,"#,##0")&" / 예산 "&TEXT(예산!E45,"#,##0"),"가계 예산 중 "&설정!$B$4&" 사용분 "&TEXT(예산!F45,"#,##0")) -> 실적 0 / 예산 5,680,000
B9: =IF(재무상태표!D11>=0,"✅ 전월 대비 증가 ","⚠ 전월 대비 감소 ")&TEXT(재무상태표!D11,"+#,##0;-#,##0") -> ✅ 전월 대비 증가 +0 | D9: =IF(설정!$B$4="공동","- 해당 없음",IF(손익!M9=0,"- 소득 데이터 없음",IF(손익!M37>=설정!$B$12,"✅ 달성","⚠ 미달"))) -> - 소득 데이터 없음 | F9: =IF(손익!M45>=설정!$B$29,"✅ 달성","⚠ 미달 "&TEXT(설정!$B$29-손익!M45,"#,##0")) -> ⚠ 미달 2,200,000 | H9: =IF(재무상태표!D13>=0,"✅ 증가 ","⚠ 감소 ")&TEXT(재무상태표!D13,"+#,##0;-#,##0") -> ✅ 증가 +0 | J9: =IF(COUNTIF(예산!I4:I43,"*초과*")>0,"🔴 초과 카테고리 "&COUNTIF(예산!I4:I43,"*초과*")&"개",IF(예산!G45>=0.9,"⚠ 주의","✅ 양호")) -> ✅ 양호
B11: 비상자금 | D11: 부채비율 | F11: DSR | H11: 목표 달성률 (가중) | J11: 재무자립도
B12: =IF(손익!P49=0,0,재무상태표!B15/손익!P49) -> 0 | D12: =재무상태표!B14 -> 0 | F12: =부채!B20 -> 0 | H12: =목표!B16 -> 0 | J12: =IF(손익!O35=0,0,손익!O7/손익!O35) -> 0
B13: ="목표 "&설정!$B$13&"개월 · "&TEXT(재무상태표!B15,"#,##0")&"원" -> 목표 6개월 · 0원 | D13: ="상한 "&TEXT(설정!$B$14,"0%")&" · 부채 "&TEXT(재무상태표!B10/100000000,"0.00")&"억" -> 상한 40% · 부채 0.00억 | F13: ="상한 "&TEXT(설정!$B$15,"0%")&" · 월 원리금 "&TEXT(부채!B17,"#,##0") -> 상한 30% · 월 원리금 0 | H13: ="노후 준비율 "&TEXT(목표!B17,"0%") -> 노후 준비율 0% | J13: ="월 수동소득 "&TEXT(손익!O7,"#,##0")&"원" -> 월 수동소득 0원
B14: =IF(IF(손익!P49=0,0,재무상태표!B15/손익!P49)>=설정!$B$13,"✅ 달성","⚠ 미달") -> ⚠ 미달 | D14: =IF(재무상태표!B14<=설정!$B$14,"✅ 양호","⚠ 주의") -> ✅ 양호 | F14: =IF(부채!B20<=설정!$B$15,"✅ 양호","⚠ 주의") -> ✅ 양호 | H14: =IF(목표!B18=0,"✅ 모두 순항","⚠ 지연 "&목표!B18&"건") -> ✅ 모두 순항 | J14: ="장기 목표 100% (수동소득 ≥ 생활비)" -> 장기 목표 100% (수동소득 ≥ 생활비)
B16: 🔔 이번 달 알림 (내부통제) | H16: 👨‍👩‍👧 구성원별 순자산 (기준월)
B17: =IFERROR(INDEX($N$17:$N$27,MATCH(1,$O$17:$O$27,0)),"") -> ⚠ 투자 납입 2,200,000원 부족 (목표 2,200,000) | H17: 구성원 | I17: 자산 | J17: 부채 | K17: 순자산 | N17: =IF(COUNTIF(예산!I4:I43,"*초과*")>0,"🔴 예산 초과: "&_xlfn.TEXTJOIN(", ",TRUE(),예산!M4:M43),"") | O17: =IF(N17="",0,1)+N(O16) -> 0
B18: =IFERROR(INDEX($N$17:$N$27,MATCH(2,$O$17:$O$27,0)),"") | H18: =재무상태표!A24 -> 본인 | I18: =재무상태표!B24 -> 0 | J18: =재무상태표!C24 -> 0 | K18: =재무상태표!D24 -> 0 | N18: =IF(AND(NOT(설정!$B$4="공동"),손익!M9>0,손익!M37<설정!$B$12),"⚠ 저축률 "&TEXT(손익!M37,"0.0%")&" — 목표 "&TEXT(설정!$B$12,"0%")&" 미달","") | O18: =IF(N18="",0,1)+N(O17) -> 0
B19: =IFERROR(INDEX($N$17:$N$27,MATCH(3,$O$17:$O$27,0)),"") | H19: =재무상태표!A25 -> 배우자 | I19: =재무상태표!B25 -> 0 | J19: =재무상태표!C25 -> 0 | K19: =재무상태표!D25 -> 0 | N19: =IF(손익!M45<설정!$B$29,"⚠ 투자 납입 "&TEXT(설정!$B$29-손익!M45,"#,##0")&"원 부족 (목표 "&TEXT(설정!$B$29,"#,##0")&")","") -> ⚠ 투자 납입 2,200,000원 부족 (목표 2,200,000) | O19: =IF(N19="",0,1)+N(O18) -> 1
B20: =IFERROR(INDEX($N$17:$N$27,MATCH(4,$O$17:$O$27,0)),"") | H20: =재무상태표!A26 -> 공동 | I20: =재무상태표!B26 -> 0 | J20: =재무상태표!C26 -> 0 | K20: =재무상태표!D26 -> 0 | N20: =IF(AND(손익!P49>0,IF(손익!P49=0,0,재무상태표!B15/손익!P49)<설정!$B$13),"⚠ 비상자금 "&TEXT(IF(손익!P49=0,0,재무상태표!B15/손익!P49),"0.0")&"개월 — 목표까지 "&TEXT((설정!$B$13-IF(손익!P49=0,0,재무상태표!B15/손익!P49))*손익!P49,"#,##0")&"원 더 필요","") | O20: =IF(N20="",0,1)+N(O19) -> 1
B21: =IFERROR(INDEX($N$17:$N$27,MATCH(5,$O$17:$O$27,0)),"") | H21: =재무상태표!A27 -> 합계 | I21: =재무상태표!B27 -> 0 | J21: =재무상태표!C27 -> 0 | K21: =재무상태표!D27 -> 0 | N21: =IF(AND(설정!$B$4="전체",COUNTIF(투자!F4:F8,"*리밸런싱*")>0),"⚖ 리밸런싱 검토: "&_xlfn.TEXTJOIN(", ",TRUE(),투자!H4:H8),"") | O21: =IF(N21="",0,1)+N(O20) -> 1
B22: =IFERROR(INDEX($N$17:$N$27,MATCH(6,$O$17:$O$27,0)),"") | N22: =IF(OR(재무상태표!B14>설정!$B$14,부채!B20>설정!$B$15),"⚠ 부채 관리: 부채비율 "&TEXT(재무상태표!B14,"0%")&" · DSR "&TEXT(부채!B20,"0%"),"") | O22: =IF(N22="",0,1)+N(O21) -> 1
B23: =IFERROR(INDEX($N$17:$N$27,MATCH(7,$O$17:$O$27,0)),"") | H23: 🎯 목표 진척 | N23: =IF(COUNTIF(일정!H4:H63,"?*")>0,"🗓 다가오는 일정: "&_xlfn.TEXTJOIN(", ",TRUE(),일정!H4:H63),"") | O23: =IF(N23="",0,1)+N(O22) -> 1
B24: =IFERROR(INDEX($N$17:$N$27,MATCH(8,$O$17:$O$27,0)),"") | H24: 목표 | I24: 진척률 | J24: 상태 | K24: 필요 월적립 | N24: =IF(목표!B18>0,"🎯 목표 지연: "&_xlfn.TEXTJOIN(", ",TRUE(),목표!P4:P13),"") | O24: =IF(N24="",0,1)+N(O23) -> 1
B25: =IFERROR(INDEX($N$17:$N$27,MATCH(9,$O$17:$O$27,0)),"") | H25: =IF(목표!A4="","",목표!A4) -> 비상자금 | I25: =IF(H25="","",목표!J4) | J25: =IF(H25="","",목표!L4) | K25: =IF(H25="","",목표!N4) -> 0 | N25: =IF(AND(현금흐름!$B$5>0,COUNTIF(현금흐름!I11:I16,"*부족*")>0),"🔴 잔고 부족 예상: "&_xlfn.TEXTJOIN(", ",TRUE(),현금흐름!J11:J16),"") | O25: =IF(N25="",0,1)+N(O24) -> 1
B26: =IFERROR(INDEX($N$17:$N$27,MATCH(10,$O$17:$O$27,0)),"") | H26: =IF(목표!A5="","",목표!A5) | I26: =IF(H26="","",목표!J5) | J26: =IF(H26="","",목표!L5) | K26: =IF(H26="","",목표!N5) | N26: =IF(AND(COUNTA(보험!A4:A13)>0,보험!B24>0),"🛡 보장 공백 "&보험!B24&"건 — 보험 탭 확인","") | O26: =IF(N26="",0,1)+N(O25) -> 1
B27: =IFERROR(INDEX($N$17:$N$27,MATCH(11,$O$17:$O$27,0)),"") | H27: =IF(목표!A6="","",목표!A6) | I27: =IF(H27="","",목표!J6) | J27: =IF(H27="","",목표!L6) | K27: =IF(H27="","",목표!N6) | N27: =IF(손익!M52>0,"❓ 미분류 거래 "&TEXT(손익!M52,"#,##0")&"원 — 카테고리 지정 필요","") | O27: =IF(N27="",0,1)+N(O26) -> 1
B28: =IF(MAX(O17:O27)=0,"✅ 이상 없음 — 이번 달도 잘 운영되었습니다","") | H28: =IF(목표!A7="","",목표!A7) | I28: =IF(H28="","",목표!J7) | J28: =IF(H28="","",목표!L7) | K28: =IF(H28="","",목표!N7)
H29: =IF(목표!A8="","",목표!A8) | I29: =IF(H29="","",목표!J8) | J29: =IF(H29="","",목표!L8) | K29: =IF(H29="","",목표!N8)

Sheet 사용법
B1: 우리집 주식회사 자산관리 대시보드 - 사용법
B2: 가정을 기업처럼: 재무상태표(얼마 가졌나) · 손익계산서(얼마 남나) · 현금흐름(모자라지 않나) · 예산(계획대로 쓰나) · 목표(어디까지 왔나) · 리스크(버틸 수 있나)
B4: ■ 색 규칙
B5: 파란 글씨 = 직접 입력하는 칸 · 검정 글씨 = 수식(수정 금지) · 노란 칸 = 핵심 설정값 · 파란 헤더 = 입력 시트 열 · 남색 헤더 = 자동 계산 열
B7: ■ 처음 시작할 때 (1회, 약 1시간)
B8: 1. [계좌] 가족의 모든 계좌·자산·부채를 등록 (계좌ID는 A01, I01처럼 짧고 고유하게)
B9: 2. [스냅샷] 지난달 말 기준 계좌별 잔액 입력 → 재무상태표·순자산이 바로 나옵니다
B10: 3. [예산] 카테고리별 월 예산(비정기비는 연 예산) 확정 - 부부가 함께 정하세요
B11: 4. [투자] 보유 종목·목표 자산배분, [부채] 대출 금리·만기, [목표] 재무 목표, [보험] 보장 내역 입력
B12: 5. [설정] 목표 저축률·비상자금 개월·월 투자 납입 목표 등 '경영 목표' 확인
B14: ■ 운영 리듬 (거버넌스)
B15: 주간 10분: 카드·은행 CSV 가져오기 → [거래내역]에서 '미분류' 카테고리 지정
... B37: 기준값(30%, 6개월, 40% 등)은 일반적인 가이드라인이며 [설정]에서 가정에 맞게 바꾸세요

Sheet 거래내역
A1: 일자 | B1: 월 | C1: 내용 | D1: 금액 | E1: 카테고리 | F1: 대분류 | G1: 필수 | H1: 구성원 | I1: 결제수단 | J1: 출처 | K1: 메모 | L1: 월번호 | N1: 금액은 항상 양수. 들어온 돈/나간 돈 구분은 카테고리의 대분류(소득·고정비…)가 결정합니다.
N2: 카드·은행 CSV는 `python -m household_finance import`로 자동 분류·중복제거 후 추가됩니다.

Sheet 스냅샷
A1: 월 | B1: 계좌ID | C1: 금액 | D1: 계좌명 | E1: 유형 | F1: 소유자 | G1: 유동성 | I1: 매월 말 계좌별 잔액을 기록 (부채도 양수로). `python -m household_finance new-month`로 다음 달 행을 자동 생성.

Sheet 계좌
A1: 계좌ID | B1: 계좌명 | C1: 기관 | D1: 유형 | E1: 소유자 | F1: 유동성 | G1: 메모 | I1: 유형: 현금성/투자/연금/부동산/기타자산/부채 · 유동성: 즉시(오늘 꺼낼 수 있음)/1년내/장기

Sheet 투자
A1: 📈 투자 포트폴리오
A2: 보유종목 표에 수량·현재가를 입력하면 자산배분·수익률이 계산됩니다. 구글 시트에서는 현재가에 =GOOGLEFINANCE(시세코드) 사용 가능.
A3: 자산군 | B3: 목표 비중 | C3: 평가금액 | D3: 현재 비중 | E3: 괴리(%p) | F3: 상태 | G3: 목표까지 조정금액 | H3: (알림용) | I3: 리밸런싱 알림은 가계 전체 포트폴리오 기준(대시보드 보기 '전체')에서만 표시됩니다.
A4: 국내주식 | B4: 0.2 | C4: =SUMIFS($K$27:$K$126,$F$27:$F$126,A4,$C$27:$C$126,설정!$B$5) -> 0 | D4: =IF($C$9=0,0,C4/$C$9) -> 0 | E4: =D4-B4 -> -0.2 | F4: =IF($C$9=0,"",IF(ABS(E4)>설정!$B$16,"⚠ 리밸런싱","✅ 적정")) | G4: =B4*$C$9-C4 -> 0 | H4: =IF(ISNUMBER(SEARCH("리밸런싱",F4)),A4&" "&TEXT(E4,"+0%;-0%"),"")
A5: 해외주식 | B5: 0.45 | C5: =SUMIFS($K$27:$K$126,$F$27:$F$126,A5,$C$27:$C$126,설정!$B$5) -> 0 | D5: =IF($C$9=0,0,C5/$C$9) -> 0 | E5: =D5-B5 -> -0.45 | F5: =IF($C$9=0,"",IF(ABS(E5)>설정!$B$16,"⚠ 리밸런싱","✅ 적정")) | G5: =B5*$C$9-C5 -> 0 | H5: =IF(ISNUMBER(SEARCH("리밸런싱",F5)),A5&" "&TEXT(E5,"+0%;-0%"),"")
A6: 채권 | B6: 0.2 | C6: =SUMIFS($K$27:$K$126,$F$27:$F$126,A6,$C$27:$C$126,설정!$B$5) -> 0 | D6: =IF($C$9=0,0,C6/$C$9) -> 0 | E6: =D6-B6 -> -0.2 | F6: =IF($C$9=0,"",IF(ABS(E6)>설정!$B$16,"⚠ 리밸런싱","✅ 적정")) | G6: =B6*$C$9-C6 -> 0 | H6: =IF(ISNUMBER(SEARCH("리밸런싱",F6)),A6&" "&TEXT(E6,"+0%;-0%"),"")
A7: 현금성 | B7: 0.1 | C7: =SUMIFS($K$27:$K$126,$F$27:$F$126,A7,$C$27:$C$126,설정!$B$5) -> 0 | D7: =IF($C$9=0,0,C7/$C$9) -> 0 | E7: =D7-B7 -> -0.1 | F7: =IF($C$9=0,"",IF(ABS(E7)>설정!$B$16,"⚠ 리밸런싱","✅ 적정")) | G7: =B7*$C$9-C7 -> 0 | H7: =IF(ISNUMBER(SEARCH("리밸런싱",F7)),A7&" "&TEXT(E7,"+0%;-0%"),"")
A8: 대체투자 | B8: 0.05 | C8: =SUMIFS($K$27:$K$126,$F$27:$F$126,A8,$C$27:$C$126,설정!$B$5) -> 0 | D8: =IF($C$9=0,0,C8/$C$9) -> 0 | E8: =D8-B8 -> -0.05 | F8: =IF($C$9=0,"",IF(ABS(E8)>설정!$B$16,"⚠ 리밸런싱","✅ 적정")) | G8: =B8*$C$9-C8 -> 0 | H8: =IF(ISNUMBER(SEARCH("리밸런싱",F8)),A8&" "&TEXT(E8,"+0%;-0%"),"")
A9: 합계 | B9: =SUM(B4:B8) -> 1 | C9: =SUM(C4:C8) -> 0 | D9: =SUM(D4:D8) -> 0 | E9: =IF(ROUND(B9,4)<>1,"⚠ 목표 비중 합이 100%가 아님","")
A11: 투자금 확대 트래킹 | B11: 실적 | C11: 목표/전월 | D11: 달성률/증가율
A12: 이번 달 투자 납입액 | B12: =손익!M45 -> 0 | C12: =설정!$B$29 -> 2200000 | D12: =IF(C12=0,0,B12/C12) -> 0
A13: 최근 12개월 누적 납입 | B13: =손익!N45 -> 0 | C13: =설정!$B$29*12 -> 26400000 | D13: =IF(C13=0,0,B13/C13) -> 0
A14: 월평균 납입 (12개월) | B14: =손익!O45 -> 0 | C14: =설정!$B$29 -> 2200000 | D14: =IF(C14=0,0,B14/C14) -> 0
A15: 투자+연금 자산 (기준월) | B15: =재무상태표!B13 -> 0 | C15: =재무상태표!C13 -> 0 | D15: =IF(C15=0,0,B15/C15-1) -> 0
A16: 자산 증가 중 운용수익 (추정) | B16: =재무상태표!D13-B12 -> 0 | E16: 증감 − 이번 달 납입. 퇴직연금 회사 적립분 등이 섞일 수 있어 추정치입니다.
A18: 절세 계좌 납입 현황 (올해 1월~기준월, 거래내역 '내용' 키워드로 집계)
A19: 항목 | B19: 연간 한도 | C19: 올해 납입 | D19: 잔여 한도 | E19: 소진율 | F19: 내용 키워드
A20: 연금저축 | B20: =설정!$B$23 -> 6000000 | C20: =SUMIFS(거래내역!$D$2:$D$5000,거래내역!$L$2:$L$5000,">="&설정!$B$8,거래내역!$L$2:$L$5000,"<="&설정!$B$7,거래내역!$C$2:$C$5000,F20,거래내역!$H$2:$H$5000,설정!$B$5) -> 0 | D20: =MAX(0,B20-C20) -> 6000000 | E20: =IF(B20=0,0,C20/B20) -> 0 | F20: *연금저축*
A21: 연금저축+IRP 합산 | B21: =설정!$B$22 -> 9000000 | C21: =C20+SUMIFS(거래내역!$D$2:$D$5000,거래내역!$L$2:$L$5000,">="&설정!$B$8,거래내역!$L$2:$L$5000,"<="&설정!$B$7,거래내역!$C$2:$C$5000,F21,거래내역!$H$2:$H$5000,설정!$B$5) -> 0 | D21: =MAX(0,B21-C21) -> 9000000 | E21: =IF(B21=0,0,C21/B21) -> 0 | F21: *IRP*
A22: ISA | B22: =설정!$B$24 -> 20000000 | C22: =SUMIFS(거래내역!$D$2:$D$5000,거래내역!$L$2:$L$5000,">="&설정!$B$8,거래내역!$L$2:$L$5000,"<="&설정!$B$7,거래내역!$C$2:$C$5000,F22,거래내역!$H$2:$H$5000,설정!$B$5) -> 0 | D22: =MAX(0,B22-C22) -> 20000000 | E22: =IF(B22=0,0,C22/B22) -> 0 | F22: *ISA*
A23: '연금저축+IRP 합산'의 키워드 칸은 IRP 납입을 찾는 키워드입니다 (연금저축분은 위 행 값을 더함).
A24: 보유 종목 (파란 글씨 열 입력)
A25: 계좌ID | B25: 계좌명 | C25: 소유자 | D25: 종목명 | E25: 시세코드 | F25: 자산군 | G25: 수량 | H25: 평균단가 | I25: 현재가 | J25: 매입금액 | K25: 평가금액 | L25: 평가손익 | M25: 수익률
A26: 보유종목 합계 (보기 기준) | J26: =SUMIFS(J27:J126,$C$27:$C$126,설정!$B$5) -> 0 | K26: =SUMIFS(K27:K126,$C$27:$C$126,설정!$B$5) -> 0 | L26: =SUMIFS(L27:L126,$C$27:$C$126,설정!$B$5) -> 0 | M26: =IF(J26=0,0,L26/J26) -> 0
B27: =IF(A27="","",IFERROR(INDEX(계좌!$B$2:$B$41,MATCH(A27,계좌!$A$2:$A$41,0)),"?")) | C27: =IF(A27="","",IFERROR(INDEX(계좌!$E$2:$E$41,MATCH(A27,계좌!$A$2:$A$41,0)),"?")) | J27: =IF(A27="","",G27*H27) | K27: =IF(A27="","",G27*I27) | L27: =IF(A27="","",K27-J27) | M27: =IF(OR(A27="",N(J27)=0),"",L27/J27)
B28: =IF(A28="","",IFERROR(INDEX(계좌!$B$2:$B$41,MATCH(A28,계좌!$A$2:$A$41,0)),"?")) | C28: =IF(A28="","",IFERROR(INDEX(계좌!$E$2:$E$41,MATCH(A28,계좌!$A$2:$A$41,0)),"?")) | J28: =IF(A28="","",G28*H28) | K28: =IF(A28="","",G28*I28) | L28: =IF(A28="","",K28-J28) | M28: =IF(OR(A28="",N(J28)=0),"",L28/J28)
B29: =IF(A29="","",IFERROR(INDEX(계좌!$B$2:$B$41,MATCH(A29,계좌!$A$2:$A$41,0)),"?")) | C29: =IF(A29="","",IFERROR(INDEX(계좌!$E$2:$E$41,MATCH(A29,계좌!$A$2:$A$41,0)),"?")) | J29: =IF(A29="","",G29*H29) | K29: =IF(A29="","",G29*I29) | L29: =IF(A29="","",K29-J29) | M29: =IF(OR(A29="",N(J29)=0),"",L29/J29)
B30: =IF(A30="","",IFERROR(INDEX(계좌!$B$2:$B$41,MATCH(A30,계좌!$A$2:$A$41,0)),"?")) | C30: =IF(A30="","",IFERROR(INDEX(계좌!$E$2:$E$41,MATCH(A30,계좌!$A$2:$A$41,0)),"?")) | J30: =IF(A30="","",G30*H30) | K30: =IF(A30="","",G30*I30) | L30: =IF(A30="","",K30-J30) | M30: =IF(OR(A30="",N(J30)=0),"",L30/J30)
B31: =IF(A31="","",IFERROR(INDEX(계좌!$B$2:$B$41,MATCH(A31,계좌!$A$2:$A$41,0)),"?")) | C31: =IF(A31="","",IFERROR(INDEX(계좌!$E$2:$E$41,MATCH(A31,계좌!$A$2:$A$41,0)),"?")) | J31: =IF(A31="","",G31*H31) | K31: =IF(A31="","",G31*I31) | L31: =IF(A31="","",K31-J31) | M31: =IF(OR(A31="",N(J31)=0),"",L31/J31)
B32: =IF(A32="","",IFERROR(INDEX(계좌!$B$2:$B$41,MATCH(A32,계좌!$A$2:$A$41,0)),"?")) | C32: =IF(A32="","",IFERROR(INDEX(계좌!$E$2:$E$41,MATCH(A32,계좌!$A$2:$A$41,0)),"?")) | J32: =IF(A32="","",G32*H32) | K32: =IF(A32="","",G32*I32) | L32: =IF(A32="","",K32-J32) | M32: =IF(OR(A32="",N(J32)=0),"",L32/J32)
B33: =IF(A33="","",IFERROR(INDEX(계좌!$B$2:$B$41,MATCH(A33,계좌!$A$2:$A$41,0)),"?")) | C33: =IF(A33="","",IFERROR(INDEX(계좌!$E$2:$E$41,MATCH(A33,계좌!$A$2:$A$41,0)),"?")) | J33: =IF(A33="","",G33*H33) | K33: =IF(A33="","",G33*I33) | L33: =IF(A33="","",K33-J33) | M33: =IF(OR(A33="",N(J33)=0),"",L33/J33)
B34: =IF(A34="","",IFERROR(INDEX(계좌!$B$2:$B$41,MATCH(A34,계좌!$A$2:$A$41,0)),"?")) | C34: =IF(A34="","",IFERROR(INDEX(계좌!$E$2:$E$41,MATCH(A34,계좌!$A$2:$A$41,0)),"?")) | J34: =IF(A34="","",G34*H34) | K34: =IF(A34="","",G34*I34) | L34: =IF(A34="","",K34-J34) | M34: =IF(OR(A34="",N(J34)=0),"",L34/J34)
B35: =IF(A35="","",IFERROR(INDEX(계좌!$B$2:$B$41,MATCH(A35,계좌!$A$2:$A$41,0)),"?")) | C35: =IF(A35="","",IFERROR(INDEX(계좌!$E$2:$E$41,MATCH(A35,계좌!$A$2:$A$41,0)),"?")) | J35: =IF(A35="","",G35*H35) | K35: =IF(A35="","",G35*I35) | L35: =IF(A35="","",K35-J35) | M35: =IF(OR(A35="",N(J35)=0),"",L35/J35)
B36: =IF(A36="","",IFERROR(INDEX(계좌!$B$2:$B$41,MATCH(A36,계좌!$A$2:$A$41,0)),"?")) | C36: =IF(A36="","",IFERROR(INDEX(계좌!$E$2:$E$41,MATCH(A36,계좌!$A$2:$A$41,0)),"?")) | J36: =IF(A36="","",G36*H36) | K36: =IF(A36="","",G36*I36) | L36: =IF(A36="","",K36-J36) | M36: =IF(OR(A36="",N(J36)=0),"",L36/J36)
B37: =IF(A37="","",IFERROR(INDEX(계좌!$B$2:$B$41,MATCH(A37,계좌!$A$2:$A$41,0)),"?")) | C37: =IF(A37="","",IFERROR(INDEX(계좌!$E$2:$E$41,MATCH(A37,계좌!$A$2:$A$41,0)),"?")) | J37: =IF(A37="","",G37*H37) | K37: =IF(A37="","",G37*I37) | L37: =IF(A37="","",K37-J37) | M37: =IF(OR(A37="",N(J37)=0),"",L37/J37)
B38: =IF(A38="","",IFERROR(INDEX(계좌!$B$2:$B$41,MATCH(A38,계좌!$A$2:$A$41,0)),"?")) | C38: =IF(A38="","",IFERROR(INDEX(계좌!$E$2:$E$41,MATCH(A38,계좌!$A$2:$A$41,0)),"?")) | J38: =IF(A38="","",G38*H38) | K38: =IF(A38="","",G38*I38) | L38: =IF(A38="","",K38-J38) | M38: =IF(OR(A38="",N(J38)=0),"",L38/J38)
... B126: =IF(A126="","",IFERROR(INDEX(계좌!$B$2:$B$41,MATCH(A126,계좌!$A$2:$A$41,0)),"?")) | C126: =IF(A126="","",IFERROR(INDEX(계좌!$E$2:$E$41,MATCH(A126,계좌!$A$2:$A$41,0)),"?")) | J126: =IF(A126="","",G126*H126) | K126: =IF(A126="","",G126*I126) | L126: =IF(A126="","",K126-J126) | M126: =IF(OR(A126="",N(J126)=0),"",L126/J126)

Sheet 부채
A1: 💳 부채 관리
A2: 잔액은 스냅샷 기준월 값을 자동으로 가져옵니다. 상환 우선순위는 금리가 높은 순.
A3: 대출명 | B3: 계좌ID | C3: 소유자 | D3: 잔액(기준월) | E3: 금리(연) | F3: 만기일 | G3: 상환방식 | H3: 월 원리금 | I3: 월 이자(추정) | J3: 연간 원리금 | K3: 금리 +1%p 시 월 증가 | L3: 남은 개월 | M3: 상환 우선순위
C4: =IF(B4="","",IFERROR(INDEX(계좌!$E$2:$E$41,MATCH(B4,계좌!$A$2:$A$41,0)),"?")) | D4: =IF(B4="","",SUMIFS(스냅샷!$C$2:$C$3000,스냅샷!$A$2:$A$3000,설정!$B$3,스냅샷!$B$2:$B$3000,B4)) | I4: =IF(B4="","",D4*E4/12) | J4: =IF(B4="","",H4*12) | K4: =IF(B4="","",D4*0.01/12) | L4: =IF(F4="","",MAX(0,ROUND((F4-설정!$B$10)/30.4,0))) | M4: =IF(OR(B4="",E4=""),"",RANK(E4,$E$4:$E$13))
C5: =IF(B5="","",IFERROR(INDEX(계좌!$E$2:$E$41,MATCH(B5,계좌!$A$2:$A$41,0)),"?")) | D5: =IF(B5="","",SUMIFS(스냅샷!$C$2:$C$3000,스냅샷!$A$2:$A$3000,설정!$B$3,스냅샷!$B$2:$B$3000,B5)) | I5: =IF(B5="","",D5*E5/12) | J5: =IF(B5="","",H5*12) | K5: =IF(B5="","",D5*0.01/12) | L5: =IF(F5="","",MAX(0,ROUND((F5-설정!$B$10)/30.4,0))) | M5: =IF(OR(B5="",E5=""),"",RANK(E5,$E$4:$E$13))
C6: =IF(B6="","",IFERROR(INDEX(계좌!$E$2:$E$41,MATCH(B6,계좌!$A$2:$A$41,0)),"?")) | D6: =IF(B6="","",SUMIFS(스냅샷!$C$2:$C$3000,스냅샷!$A$2:$A$3000,설정!$B$3,스냅샷!$B$2:$B$3000,B6)) | I6: =IF(B6="","",D6*E6/12) | J6: =IF(B6="","",H6*12) | K6: =IF(B6="","",D6*0.01/12) | L6: =IF(F6="","",MAX(0,ROUND((F6-설정!$B$10)/30.4,0))) | M6: =IF(OR(B6="",E6=""),"",RANK(E6,$E$4:$E$13))
C7: =IF(B7="","",IFERROR(INDEX(계좌!$E$2:$E$41,MATCH(B7,계좌!$A$2:$A$41,0)),"?")) | D7: =IF(B7="","",SUMIFS(스냅샷!$C$2:$C$3000,스냅샷!$A$2:$A$3000,설정!$B$3,스냅샷!$B$2:$B$3000,B7)) | I7: =IF(B7="","",D7*E7/12) | J7: =IF(B7="","",H7*12) | K7: =IF(B7="","",D7*0.01/12) | L7: =IF(F7="","",MAX(0,ROUND((F7-설정!$B$10)/30.4,0))) | M7: =IF(OR(B7="",E7=""),"",RANK(E7,$E$4:$E$13))
C8: =IF(B8="","",IFERROR(INDEX(계좌!$E$2:$E$41,MATCH(B8,계좌!$A$2:$A$41,0)),"?")) | D8: =IF(B8="","",SUMIFS(스냅샷!$C$2:$C$3000,스냅샷!$A$2:$A$3000,설정!$B$3,스냅샷!$B$2:$B$3000,B8)) | I8: =IF(B8="","",D8*E8/12) | J8: =IF(B8="","",H8*12) | K8: =IF(B8="","",D8*0.01/12) | L8: =IF(F8="","",MAX(0,ROUND((F8-설정!$B$10)/30.4,0))) | M8: =IF(OR(B8="",E8=""),"",RANK(E8,$E$4:$E$13))
C9: =IF(B9="","",IFERROR(INDEX(계좌!$E$2:$E$41,MATCH(B9,계좌!$A$2:$A$41,0)),"?")) | D9: =IF(B9="","",SUMIFS(스냅샷!$C$2:$C$3000,스냅샷!$A$2:$A$3000,설정!$B$3,스냅샷!$B$2:$B$3000,B9)) | I9: =IF(B9="","",D9*E9/12) | J9: =IF(B9="","",H9*12) | K9: =IF(B9="","",D9*0.01/12) | L9: =IF(F9="","",MAX(0,ROUND((F9-설정!$B$10)/30.4,0))) | M9: =IF(OR(B9="",E9=""),"",RANK(E9,$E$4:$E$13))
C10: =IF(B10="","",IFERROR(INDEX(계좌!$E$2:$E$41,MATCH(B10,계좌!$A$2:$A$41,0)),"?")) | D10: =IF(B10="","",SUMIFS(스냅샷!$C$2:$C$3000,스냅샷!$A$2:$A$3000,설정!$B$3,스냅샷!$B$2:$B$3000,B10)) | I10: =IF(B10="","",D10*E10/12) | J10: =IF(B10="","",H10*12) | K10: =IF(B10="","",D10*0.01/12) | L10: =IF(F10="","",MAX(0,ROUND((F10-설정!$B$10)/30.4,0))) | M10: =IF(OR(B10="",E10=""),"",RANK(E10,$E$4:$E$13))
C11: =IF(B11="","",IFERROR(INDEX(계좌!$E$2:$E$41,MATCH(B11,계좌!$A$2:$A$41,0)),"?")) | D11: =IF(B11="","",SUMIFS(스냅샷!$C$2:$C$3000,스냅샷!$A$2:$A$3000,설정!$B$3,스냅샷!$B$2:$B$3000,B11)) | I11: =IF(B11="","",D11*E11/12) | J11: =IF(B11="","",H11*12) | K11: =IF(B11="","",D11*0.01/12) | L11: =IF(F11="","",MAX(0,ROUND((F11-설정!$B$10)/30.4,0))) | M11: =IF(OR(B11="",E11=""),"",RANK(E11,$E$4:$E$13))
C12: =IF(B12="","",IFERROR(INDEX(계좌!$E$2:$E$41,MATCH(B12,계좌!$A$2:$A$41,0)),"?")) | D12: =IF(B12="","",SUMIFS(스냅샷!$C$2:$C$3000,스냅샷!$A$2:$A$3000,설정!$B$3,스냅샷!$B$2:$B$3000,B12)) | I12: =IF(B12="","",D12*E12/12) | J12: =IF(B12="","",H12*12) | K12: =IF(B12="","",D12*0.01/12) | L12: =IF(F12="","",MAX(0,ROUND((F12-설정!$B$10)/30.4,0))) | M12: =IF(OR(B12="",E12=""),"",RANK(E12,$E$4:$E$13))
C13: =IF(B13="","",IFERROR(INDEX(계좌!$E$2:$E$41,MATCH(B13,계좌!$A$2:$A$41,0)),"?")) | D13: =IF(B13="","",SUMIFS(스냅샷!$C$2:$C$3000,스냅샷!$A$2:$A$3000,설정!$B$3,스냅샷!$B$2:$B$3000,B13)) | I13: =IF(B13="","",D13*E13/12) | J13: =IF(B13="","",H13*12) | K13: =IF(B13="","",D13*0.01/12) | L13: =IF(F13="","",MAX(0,ROUND((F13-설정!$B$10)/30.4,0))) | M13: =IF(OR(B13="",E13=""),"",RANK(E13,$E$4:$E$13))
A15: 요약
A16: 총 대출잔액 (보기 기준) | B16: =SUMIFS(D4:D13,C4:C13,설정!$B$5) -> 0
A17: 월 원리금 합계 | B17: =SUMIFS(H4:H13,C4:C13,설정!$B$5) -> 0
A18: 연간 원리금 | B18: =B17*12 -> 0
A19: 연소득 (최근 12개월 · 공동 보기는 가계 전체) | B19: =IF(설정!$B$4="공동",SUMIFS(거래내역!$D$2:$D$5000,거래내역!$F$2:$F$5000,"소득",거래내역!$L$2:$L$5000,">="&VALUE(SUBSTITUTE(TEXT(EDATE(DATEVALUE(설정!$B$3&"-01"),-11),"yyyy-mm"),"-","")),거래내역!$L$2:$L$5000,"<="&설정!$B$7),손익!N9) -> 0
A20: DSR (연간 원리금/연소득) | B20: =IF(B19=0,0,B18/B19) -> 0 | C20: =IF(B20>B21,"⚠ 상한 초과","✅ 양호") -> ✅ 양호
A21: DSR 상한 (설정) | B21: =설정!$B$15 -> 0.3
A22: 금리 1%p 상승 시 월 부담 증가 | B22: =SUMIFS(K4:K13,C4:C13,설정!$B$5) -> 0
A23: 가중평균 금리 | B23: =IF(SUM(D4:D13)=0,0,SUMPRODUCT(D4:D13,E4:E13)/SUM(D4:D13)) -> 0

Sheet 목표
A1: 🎯 재무 목표 (중장기 사업계획)
A2: 연결계좌의 기준월 잔액 합으로 진척률을 계산합니다. 계획 진척률 = 시작일~목표일 중 오늘까지 경과 비율.
A3: 목표명 | B3: 담당 | C3: 목표금액 | D3: 시작일 | E3: 목표일 | F3: 연결계좌1 | G3: 연결계좌2 | H3: 연결계좌3 | I3: 현재금액 | J3: 진척률 | K3: 계획 진척률 | L3: 상태 | M3: 남은 개월 | N3: 필요 월적립액 | O3: (진척 반영액) | P3: (알림용)
A4: 비상자금 | B4: 공동 | C4: =ROUND(설정!$B$13*손익!P49,-4) -> 0 | D4: 46306 | E4: 46671 | I4: =IF(A4="","",IF(F4="",0,SUMIFS(스냅샷!$C$2:$C$3000,스냅샷!$A$2:$A$3000,설정!$B$3,스냅샷!$B$2:$B$3000,F4))+IF(G4="",0,SUMIFS(스냅샷!$C$2:$C$3000,스냅샷!$A$2:$A$3000,설정!$B$3,스냅샷!$B$2:$B$3000,G4))+IF(H4="",0,SUMIFS(스냅샷!$C$2:$C$3000,스냅샷!$A$2:$A$3000,설정!$B$3,스냅샷!$B$2:$B$3000,H4))) -> 0 | J4: =IF(OR(A4="",N(C4)=0),"",MIN(1,I4/C4)) | K4: =IF(OR(A4="",D4="",E4=""),"",IF(E4<=D4,1,MAX(0,MIN(1,(설정!$B$10-D4)/(E4-D4))))) -> 0 | L4: =IF(OR(A4="",J4=""),"",IF(J4>=1,"🎉 달성",IF(J4>=K4-설정!$B$20,"✅ 순항","⚠ 지연"))) | M4: =IF(OR(A4="",E4=""),"",MAX(1,ROUND((E4-설정!$B$10)/30.4,0))) -> 12 | N4: =IF(OR(A4="",M4=""),"",MAX(0,(C4-I4)/M4)) -> 0 | O4: =IF(A4="",0,MIN(N(I4),N(C4))) -> 0 | P4: =IF(ISNUMBER(SEARCH("지연",L4)),A4&" "&TEXT(J4,"0%"),"")
I5: =IF(A5="","",IF(F5="",0,SUMIFS(스냅샷!$C$2:$C$3000,스냅샷!$A$2:$A$3000,설정!$B$3,스냅샷!$B$2:$B$3000,F5))+IF(G5="",0,SUMIFS(스냅샷!$C$2:$C$3000,스냅샷!$A$2:$A$3000,설정!$B$3,스냅샷!$B$2:$B$3000,G5))+IF(H5="",0,SUMIFS(스냅샷!$C$2:$C$3000,스냅샷!$A$2:$A$3000,설정!$B$3,스냅샷!$B$2:$B$3000,H5))) | J5: =IF(OR(A5="",N(C5)=0),"",MIN(1,I5/C5)) | K5: =IF(OR(A5="",D5="",E5=""),"",IF(E5<=D5,1,MAX(0,MIN(1,(설정!$B$10-D5)/(E5-D5))))) | L5: =IF(OR(A5="",J5=""),"",IF(J5>=1,"🎉 달성",IF(J5>=K5-설정!$B$20,"✅ 순항","⚠ 지연"))) | M5: =IF(OR(A5="",E5=""),"",MAX(1,ROUND((E5-설정!$B$10)/30.4,0))) | N5: =IF(OR(A5="",M5=""),"",MAX(0,(C5-I5)/M5)) | O5: =IF(A5="",0,MIN(N(I5),N(C5))) -> 0 | P5: =IF(ISNUMBER(SEARCH("지연",L5)),A5&" "&TEXT(J5,"0%"),"")
I6: =IF(A6="","",IF(F6="",0,SUMIFS(스냅샷!$C$2:$C$3000,스냅샷!$A$2:$A$3000,설정!$B$3,스냅샷!$B$2:$B$3000,F6))+IF(G6="",0,SUMIFS(스냅샷!$C$2:$C$3000,스냅샷!$A$2:$A$3000,설정!$B$3,스냅샷!$B$2:$B$3000,G6))+IF(H6="",0,SUMIFS(스냅샷!$C$2:$C$3000,스냅샷!$A$2:$A$3000,설정!$B$3,스냅샷!$B$2:$B$3000,H6))) | J6: =IF(OR(A6="",N(C6)=0),"",MIN(1,I6/C6)) | K6: =IF(OR(A6="",D6="",E6=""),"",IF(E6<=D6,1,MAX(0,MIN(1,(설정!$B$10-D6)/(E6-D6))))) | L6: =IF(OR(A6="",J6=""),"",IF(J6>=1,"🎉 달성",IF(J6>=K6-설정!$B$20,"✅ 순항","⚠ 지연"))) | M6: =IF(OR(A6="",E6=""),"",MAX(1,ROUND((E6-설정!$B$10)/30.4,0))) | N6: =IF(OR(A6="",M6=""),"",MAX(0,(C6-I6)/M6)) | O6: =IF(A6="",0,MIN(N(I6),N(C6))) -> 0 | P6: =IF(ISNUMBER(SEARCH("지연",L6)),A6&" "&TEXT(J6,"0%"),"")
I7: =IF(A7="","",IF(F7="",0,SUMIFS(스냅샷!$C$2:$C$3000,스냅샷!$A$2:$A$3000,설정!$B$3,스냅샷!$B$2:$B$3000,F7))+IF(G7="",0,SUMIFS(스냅샷!$C$2:$C$3000,스냅샷!$A$2:$A$3000,설정!$B$3,스냅샷!$B$2:$B$3000,G7))+IF(H7="",0,SUMIFS(스냅샷!$C$2:$C$3000,스냅샷!$A$2:$A$3000,설정!$B$3,스냅샷!$B$2:$B$3000,H7))) | J7: =IF(OR(A7="",N(C7)=0),"",MIN(1,I7/C7)) | K7: =IF(OR(A7="",D7="",E7=""),"",IF(E7<=D7,1,MAX(0,MIN(1,(설정!$B$10-D7)/(E7-D7))))) | L7: =IF(OR(A7="",J7=""),"",IF(J7>=1,"🎉 달성",IF(J7>=K7-설정!$B$20,"✅ 순항","⚠ 지연"))) | M7: =IF(OR(A7="",E7=""),"",MAX(1,ROUND((E7-설정!$B$10)/30.4,0))) | N7: =IF(OR(A7="",M7=""),"",MAX(0,(C7-I7)/M7)) | O7: =IF(A7="",0,MIN(N(I7),N(C7))) -> 0 | P7: =IF(ISNUMBER(SEARCH("지연",L7)),A7&" "&TEXT(J7,"0%"),"")
I8: =IF(A8="","",IF(F8="",0,SUMIFS(스냅샷!$C$2:$C$3000,스냅샷!$A$2:$A$3000,설정!$B$3,스냅샷!$B$2:$B$3000,F8))+IF(G8="",0,SUMIFS(스냅샷!$C$2:$C$3000,스냅샷!$A$2:$A$3000,설정!$B$3,스냅샷!$B$2:$B$3000,G8))+IF(H8="",0,SUMIFS(스냅샷!$C$2:$C$3000,스냅샷!$A$2:$A$3000,설정!$B$3,스냅샷!$B$2:$B$3000,H8))) | J8: =IF(OR(A8="",N(C8)=0),"",MIN(1,I8/C8)) | K8: =IF(OR(A8="",D8="",E8=""),"",IF(E8<=D8,1,MAX(0,MIN(1,(설정!$B$10-D8)/(E8-D8))))) | L8: =IF(OR(A8="",J8=""),"",IF(J8>=1,"🎉 달성",IF(J8>=K8-설정!$B$20,"✅ 순항","⚠ 지연"))) | M8: =IF(OR(A8="",E8=""),"",MAX(1,ROUND((E8-설정!$B$10)/30.4,0))) | N8: =IF(OR(A8="",M8=""),"",MAX(0,(C8-I8)/M8)) | O8: =IF(A8="",0,MIN(N(I8),N(C8))) -> 0 | P8: =IF(ISNUMBER(SEARCH("지연",L8)),A8&" "&TEXT(J8,"0%"),"")
I9: =IF(A9="","",IF(F9="",0,SUMIFS(스냅샷!$C$2:$C$3000,스냅샷!$A$2:$A$3000,설정!$B$3,스냅샷!$B$2:$B$3000,F9))+IF(G9="",0,SUMIFS(스냅샷!$C$2:$C$3000,스냅샷!$A$2:$A$3000,설정!$B$3,스냅샷!$B$2:$B$3000,G9))+IF(H9="",0,SUMIFS(스냅샷!$C$2:$C$3000,스냅샷!$A$2:$A$3000,설정!$B$3,스냅샷!$B$2:$B$3000,H9))) | J9: =IF(OR(A9="",N(C9)=0),"",MIN(1,I9/C9)) | K9: =IF(OR(A9="",D9="",E9=""),"",IF(E9<=D9,1,MAX(0,MIN(1,(설정!$B$10-D9)/(E9-D9))))) | L9: =IF(OR(A9="",J9=""),"",IF(J9>=1,"🎉 달성",IF(J9>=K9-설정!$B$20,"✅ 순항","⚠ 지연"))) | M9: =IF(OR(A9="",E9=""),"",MAX(1,ROUND((E9-설정!$B$10)/30.4,0))) | N9: =IF(OR(A9="",M9=""),"",MAX(0,(C9-I9)/M9)) | O9: =IF(A9="",0,MIN(N(I9),N(C9))) -> 0 | P9: =IF(ISNUMBER(SEARCH("지연",L9)),A9&" "&TEXT(J9,"0%"),"")
I10: =IF(A10="","",IF(F10="",0,SUMIFS(스냅샷!$C$2:$C$3000,스냅샷!$A$2:$A$3000,설정!$B$3,스냅샷!$B$2:$B$3000,F10))+IF(G10="",0,SUMIFS(스냅샷!$C$2:$C$3000,스냅샷!$A$2:$A$3000,설정!$B$3,스냅샷!$B$2:$B$3000,G10))+IF(H10="",0,SUMIFS(스냅샷!$C$2:$C$3000,스냅샷!$A$2:$A$3000,설정!$B$3,스냅샷!$B$2:$B$3000,H10))) | J10: =IF(OR(A10="",N(C10)=0),"",MIN(1,I10/C10)) | K10: =IF(OR(A10="",D10="",E10=""),"",IF(E10<=D10,1,MAX(0,MIN(1,(설정!$B$10-D10)/(E10-D10))))) | L10: =IF(OR(A10="",J10=""),"",IF(J10>=1,"🎉 달성",IF(J10>=K10-설정!$B$20,"✅ 순항","⚠ 지연"))) | M10: =IF(OR(A10="",E10=""),"",MAX(1,ROUND((E10-설정!$B$10)/30.4,0))) | N10: =IF(OR(A10="",M10=""),"",MAX(0,(C10-I10)/M10)) | O10: =IF(A10="",0,MIN(N(I10),N(C10))) -> 0 | P10: =IF(ISNUMBER(SEARCH("지연",L10)),A10&" "&TEXT(J10,"0%"),"")
I11: =IF(A11="","",IF(F11="",0,SUMIFS(스냅샷!$C$2:$C$3000,스냅샷!$A$2:$A$3000,설정!$B$3,스냅샷!$B$2:$B$3000,F11))+IF(G11="",0,SUMIFS(스냅샷!$C$2:$C$3000,스냅샷!$A$2:$A$3000,설정!$B$3,스냅샷!$B$2:$B$3000,G11))+IF(H11="",0,SUMIFS(스냅샷!$C$2:$C$3000,스냅샷!$A$2:$A$3000,설정!$B$3,스냅샷!$B$2:$B$3000,H11))) | J11: =IF(OR(A11="",N(C11)=0),"",MIN(1,I11/C11)) | K11: =IF(OR(A11="",D11="",E11=""),"",IF(E11<=D11,1,MAX(0,MIN(1,(설정!$B$10-D11)/(E11-D11))))) | L11: =IF(OR(A11="",J11=""),"",IF(J11>=1,"🎉 달성",IF(J11>=K11-설정!$B$20,"✅ 순항","⚠ 지연"))) | M11: =IF(OR(A11="",E11=""),"",MAX(1,ROUND((E11-설정!$B$10)/30.4,0))) | N11: =IF(OR(A11="",M11=""),"",MAX(0,(C11-I11)/M11)) | O11: =IF(A11="",0,MIN(N(I11),N(C11))) -> 0 | P11: =IF(ISNUMBER(SEARCH("지연",L11)),A11&" "&TEXT(J11,"0%"),"")
I12: =IF(A12="","",IF(F12="",0,SUMIFS(스냅샷!$C$2:$C$3000,스냅샷!$A$2:$A$3000,설정!$B$3,스냅샷!$B$2:$B$3000,F12))+IF(G12="",0,SUMIFS(스냅샷!$C$2:$C$3000,스냅샷!$A$2:$A$3000,설정!$B$3,스냅샷!$B$2:$B$3000,G12))+IF(H12="",0,SUMIFS(스냅샷!$C$2:$C$3000,스냅샷!$A$2:$A$3000,설정!$B$3,스냅샷!$B$2:$B$3000,H12))) | J12: =IF(OR(A12="",N(C12)=0),"",MIN(1,I12/C12)) | K12: =IF(OR(A12="",D12="",E12=""),"",IF(E12<=D12,1,MAX(0,MIN(1,(설정!$B$10-D12)/(E12-D12))))) | L12: =IF(OR(A12="",J12=""),"",IF(J12>=1,"🎉 달성",IF(J12>=K12-설정!$B$20,"✅ 순항","⚠ 지연"))) | M12: =IF(OR(A12="",E12=""),"",MAX(1,ROUND((E12-설정!$B$10)/30.4,0))) | N12: =IF(OR(A12="",M12=""),"",MAX(0,(C12-I12)/M12)) | O12: =IF(A12="",0,MIN(N(I12),N(C12))) -> 0 | P12: =IF(ISNUMBER(SEARCH("지연",L12)),A12&" "&TEXT(J12,"0%"),"")
I13: =IF(A13="","",IF(F13="",0,SUMIFS(스냅샷!$C$2:$C$3000,스냅샷!$A$2:$A$3000,설정!$B$3,스냅샷!$B$2:$B$3000,F13))+IF(G13="",0,SUMIFS(스냅샷!$C$2:$C$3000,스냅샷!$A$2:$A$3000,설정!$B$3,스냅샷!$B$2:$B$3000,G13))+IF(H13="",0,SUMIFS(스냅샷!$C$2:$C$3000,스냅샷!$A$2:$A$3000,설정!$B$3,스냅샷!$B$2:$B$3000,H13))) | J13: =IF(OR(A13="",N(C13)=0),"",MIN(1,I13/C13)) | K13: =IF(OR(A13="",D13="",E13=""),"",IF(E13<=D13,1,MAX(0,MIN(1,(설정!$B$10-D13)/(E13-D13))))) | L13: =IF(OR(A13="",J13=""),"",IF(J13>=1,"🎉 달성",IF(J13>=K13-설정!$B$20,"✅ 순항","⚠ 지연"))) | M13: =IF(OR(A13="",E13=""),"",MAX(1,ROUND((E13-설정!$B$10)/30.4,0))) | N13: =IF(OR(A13="",M13=""),"",MAX(0,(C13-I13)/M13)) | O13: =IF(A13="",0,MIN(N(I13),N(C13))) -> 0 | P13: =IF(ISNUMBER(SEARCH("지연",L13)),A13&" "&TEXT(J13,"0%"),"")
A16: 전체 목표 가중 달성률 | B16: =IF(SUM(C4:C13)=0,0,SUM(O4:O13)/SUM(C4:C13)) -> 0
A17: 노후 준비율 ('노후'로 시작하는 목표) | B17: =IFERROR(INDEX(J4:J13,MATCH("노후*",A4:A13,0)),0) -> 0 | C17: 국민연금 예상수령액은 포함되지 않습니다 - 목표금액에서 차감해 입력하세요.
A18: 지연 목표 수 | B18: =COUNTIF(L4:L13,"*지연*") -> 0
A19: 목표 달성에 필요한 월 적립 합계 | B19: =SUM(N4:N13) -> 0

Sheet 보험
A1: 🛡 보험·리스크 관리
A2: 보장금액을 입력하면 구성원별 보장 공백을 자동으로 찾아냅니다 (0 또는 빈칸 = 보장 없음).
A3: 피보험자 | B3: 보험사 | C3: 상품명 | D3: 사망 | E3: 실손 | F3: 암 | G3: 뇌·심장 | H3: 배상책임 | I3: 월보험료 | J3: 만기일 | K3: 갱신형(Y/N)
A15: 구성원별 보장 현황
A16: 구성원 | B16: 사망 | C16: 실손 | D16: 암 | E16: 뇌·심장 | F16: 배상책임 | G16: 월보험료
A17: 본인 | B17: =IF(SUMIFS($D$4:$D$13,$A$4:$A$13,$A17)>0,"✅ "&TEXT(SUMIFS($D$4:$D$13,$A$4:$A$13,$A17)/10000,"#,##0")&"만","❌ 공백") -> ❌ 공백 | C17: =IF(SUMIFS($E$4:$E$13,$A$4:$A$13,$A17)>0,"✅ "&TEXT(SUMIFS($E$4:$E$13,$A$4:$A$13,$A17)/10000,"#,##0")&"만","❌ 공백") -> ❌ 공백 | D17: =IF(SUMIFS($F$4:$F$13,$A$4:$A$13,$A17)>0,"✅ "&TEXT(SUMIFS($F$4:$F$13,$A$4:$A$13,$A17)/10000,"#,##0")&"만","❌ 공백") -> ❌ 공백 | E17: =IF(SUMIFS($G$4:$G$13,$A$4:$A$13,$A17)>0,"✅ "&TEXT(SUMIFS($G$4:$G$13,$A$4:$A$13,$A17)/10000,"#,##0")&"만","❌ 공백") -> ❌ 공백 | F17: =IF(SUMIFS($H$4:$H$13,$A$4:$A$13,$A17)>0,"✅ "&TEXT(SUMIFS($H$4:$H$13,$A$4:$A$13,$A17)/10000,"#,##0")&"만","❌ 공백") -> ❌ 공백 | G17: =SUMIFS($I$4:$I$13,$A$4:$A$13,$A17) -> 0
A18: 배우자 | B18: =IF(SUMIFS($D$4:$D$13,$A$4:$A$13,$A18)>0,"✅ "&TEXT(SUMIFS($D$4:$D$13,$A$4:$A$13,$A18)/10000,"#,##0")&"만","❌ 공백") -> ❌ 공백 | C18: =IF(SUMIFS($E$4:$E$13,$A$4:$A$13,$A18)>0,"✅ "&TEXT(SUMIFS($E$4:$E$13,$A$4:$A$13,$A18)/10000,"#,##0")&"만","❌ 공백") -> ❌ 공백 | D18: =IF(SUMIFS($F$4:$F$13,$A$4:$A$13,$A18)>0,"✅ "&TEXT(SUMIFS($F$4:$F$13,$A$4:$A$13,$A18)/10000,"#,##0")&"만","❌ 공백") -> ❌ 공백 | E18: =IF(SUMIFS($G$4:$G$13,$A$4:$A$13,$A18)>0,"✅ "&TEXT(SUMIFS($G$4:$G$13,$A$4:$A$13,$A18)/10000,"#,##0")&"만","❌ 공백") -> ❌ 공백 | F18: =IF(SUMIFS($H$4:$H$13,$A$4:$A$13,$A18)>0,"✅ "&TEXT(SUMIFS($H$4:$H$13,$A$4:$A$13,$A18)/10000,"#,##0")&"만","❌ 공백") -> ❌ 공백 | G18: =SUMIFS($I$4:$I$13,$A$4:$A$13,$A18) -> 0
A19: 자녀 | B19: - | C19: =IF(SUMIFS($E$4:$E$13,$A$4:$A$13,$A19)>0,"✅ "&TEXT(SUMIFS($E$4:$E$13,$A$4:$A$13,$A19)/10000,"#,##0")&"만","❌ 공백") -> ❌ 공백 | D19: =IF(SUMIFS($F$4:$F$13,$A$4:$A$13,$A19)>0,"✅ "&TEXT(SUMIFS($F$4:$F$13,$A$4:$A$13,$A19)/10000,"#,##0")&"만","❌ 공백") -> ❌ 공백 | E19: =IF(SUMIFS($G$4:$G$13,$A$4:$A$13,$A19)>0,"✅ "&TEXT(SUMIFS($G$4:$G$13,$A$4:$A$13,$A19)/10000,"#,##0")&"만","❌ 공백") -> ❌ 공백 | F19: =IF(SUMIFS($H$4:$H$13,$A$4:$A$13,$A19)>0,"✅ "&TEXT(SUMIFS($H$4:$H$13,$A$4:$A$13,$A19)/10000,"#,##0")&"만","❌ 공백") -> ❌ 공백 | G19: =SUMIFS($I$4:$I$13,$A$4:$A$13,$A19) -> 0
A21: 월 보험료 합계 | B21: =SUM(I4:I13) -> 0
A22: 월평균 소득 (12개월) | B22: =손익!O9 -> 0
A23: 보험료 부담률 (권장 10% 이하) | B23: =IF(B22=0,0,B21/B22) -> 0
A24: 보장 공백 수 | B24: =COUNTIF(B17:F19,"*공백*") -> 14

Sheet 일정
A1: 🗓 일정 (현금흐름 이벤트 캘린더)
A2: 만기·세금·명절·보너스 등. 유입/유출 금액은 현금흐름 예측에 반영되고, 알림 일수 이내 일정은 대시보드에 표시됩니다.
A3: 일자 | B3: 내용 | C3: 구분 | D3: 금액 | E3: 구성원 | F3: 월 | G3: D-day | H3: 알림
F4: =IF(A4="","",TEXT(A4,"yyyy-mm")) | G4: =IF(A4="","",A4-설정!$B$10) | H4: =IF(A4="","",IF(AND(G4>=0,G4<=설정!$B$19),B4&" D-"&G4,""))
F5: =IF(A5="","",TEXT(A5,"yyyy-mm")) | G5: =IF(A5="","",A5-설정!$B$10) | H5: =IF(A5="","",IF(AND(G5>=0,G5<=설정!$B$19),B5&" D-"&G5,""))
F6: =IF(A6="","",TEXT(A6,"yyyy-mm")) | G6: =IF(A6="","",A6-설정!$B$10) | H6: =IF(A6="","",IF(AND(G6>=0,G6<=설정!$B$19),B6&" D-"&G6,""))
F7: =IF(A7="","",TEXT(A7,"yyyy-mm")) | G7: =IF(A7="","",A7-설정!$B$10) | H7: =IF(A7="","",IF(AND(G7>=0,G7<=설정!$B$19),B7&" D-"&G7,""))
F8: =IF(A8="","",TEXT(A8,"yyyy-mm")) | G8: =IF(A8="","",A8-설정!$B$10) | H8: =IF(A8="","",IF(AND(G8>=0,G8<=설정!$B$19),B8&" D-"&G8,""))
F9: =IF(A9="","",TEXT(A9,"yyyy-mm")) | G9: =IF(A9="","",A9-설정!$B$10) | H9: =IF(A9="","",IF(AND(G9>=0,G9<=설정!$B$19),B9&" D-"&G9,""))
F10: =IF(A10="","",TEXT(A10,"yyyy-mm")) | G10: =IF(A10="","",A10-설정!$B$10) | H10: =IF(A10="","",IF(AND(G10>=0,G10<=설정!$B$19),B10&" D-"&G10,""))
F11: =IF(A11="","",TEXT(A11,"yyyy-mm")) | G11: =IF(A11="","",A11-설정!$B$10) | H11: =IF(A11="","",IF(AND(G11>=0,G11<=설정!$B$19),B11&" D-"&G11,""))
F12: =IF(A12="","",TEXT(A12,"yyyy-mm")) | G12: =IF(A12="","",A12-설정!$B$10) | H12: =IF(A12="","",IF(AND(G12>=0,G12<=설정!$B$19),B12&" D-"&G12,""))
F13: =IF(A13="","",TEXT(A13,"yyyy-mm")) | G13: =IF(A13="","",A13-설정!$B$10) | H13: =IF(A13="","",IF(AND(G13>=0,G13<=설정!$B$19),B13&" D-"&G13,""))
F14: =IF(A14="","",TEXT(A14,"yyyy-mm")) | G14: =IF(A14="","",A14-설정!$B$10) | H14: =IF(A14="","",IF(AND(G14>=0,G14<=설정!$B$19),B14&" D-"&G14,""))
F15: =IF(A15="","",TEXT(A15,"yyyy-mm")) | G15: =IF(A15="","",A15-설정!$B$10) | H15: =IF(A15="","",IF(AND(G15>=0,G15<=설정!$B$19),B15&" D-"&G15,""))
... F63: =IF(A63="","",TEXT(A63,"yyyy-mm")) | G63: =IF(A63="","",A63-설정!$B$10) | H63: =IF(A63="","",IF(AND(G63>=0,G63<=설정!$B$19),B63&" D-"&G63,""))

Sheet 예산
A1: 📋 예산 대비 실적
A2: 고정비·변동비는 월 예산, 비정기비는 연 예산(경과 월수만큼 안분)과 비교합니다. 실적은 대시보드 '보기' 구성원 기준.
A3: 카테고리 | B3: 대분류 | C3: 기준 | D3: 예산 | E3: 경과 예산 | F3: 실적 | G3: 집행률 | H3: 잔여 | I3: 상태 | J3: 실적-본인 | K3: 실적-배우자 | L3: 실적-공동 | M3: (알림용)
A4: 주거관리비 | B4: =IF(A4="","",IFERROR(INDEX(카테고리!$B$2:$B$200,MATCH(A4,카테고리!$A$2:$A$200,0)),"?")) -> 고정비 | C4: 월 | D4: 320000 | E4: =IF(A4="","",IF(C4="연",D4*설정!$B$9/12,D4)) -> 320000 | F4: =IF($A4="","",IF($C4="연",SUMIFS(거래내역!$D$2:$D$5000,거래내역!$E$2:$E$5000,$A4,거래내역!$L$2:$L$5000,">="&설정!$B$8,거래내역!$L$2:$L$5000,"<="&설정!$B$7,거래내역!$H$2:$H$5000,설정!$B$5),SUMIFS(거래내역!$D$2:$D$5000,거래내역!$E$2:$E$5000,$A4,거래내역!$B$2:$B$5000,설정!$B$3,거래내역!$H$2:$H$5000,설정!$B$5))) -> 0 | G4: =IF(OR(A4="",N(E4)=0),"",F4/E4) -> 0 | H4: =IF(A4="","",E4-F4) -> 320000 | I4: =IF(OR(A4="",N(E4)=0),"",IF(G4>1,"🔴 초과",IF(AND(G4>=0.9,B4<>"고정비"),"⚠ 주의","✅ 양호"))) -> ✅ 양호 | J4: =IF($A4="","",IF($C4="연",SUMIFS(거래내역!$D$2:$D$5000,거래내역!$E$2:$E$5000,$A4,거래내역!$L$2:$L$5000,">="&설정!$B$8,거래내역!$L$2:$L$5000,"<="&설정!$B$7,거래내역!$H$2:$H$5000,"본인"),SUMIFS(거래내역!$D$2:$D$5000,거래내역!$E$2:$E$5000,$A4,거래내역!$B$2:$B$5000,설정!$B$3,거래내역!$H$2:$H$5000,"본인"))) -> 0 | K4: =IF($A4="","",IF($C4="연",SUMIFS(거래내역!$D$2:$D$5000,거래내역!$E$2:$E$5000,$A4,거래내역!$L$2:$L$5000,">="&설정!$B$8,거래내역!$L$2:$L$5000,"<="&설정!$B$7,거래내역!$H$2:$H$5000,"배우자"),SUMIFS(거래내역!$D$2:$D$5000,거래내역!$E$2:$E$5000,$A4,거래내역!$B$2:$B$5000,설정!$B$3,거래내역!$H$2:$H$5000,"배우자"))) -> 0 | L4: =IF($A4="","",IF($C4="연",SUMIFS(거래내역!$D$2:$D$5000,거래내역!$E$2:$E$5000,$A4,거래내역!$L$2:$L$5000,">="&설정!$B$8,거래내역!$L$2:$L$5000,"<="&설정!$B$7,거래내역!$H$2:$H$5000,"공동"),SUMIFS(거래내역!$D$2:$D$5000,거래내역!$E$2:$E$5000,$A4,거래내역!$B$2:$B$5000,설정!$B$3,거래내역!$H$2:$H$5000,"공동"))) -> 0 | M4: =IF(ISNUMBER(SEARCH("초과",I4)),A4&" "&TEXT(G4,"0%"),"")
A5: 대출이자 | B5: =IF(A5="","",IFERROR(INDEX(카테고리!$B$2:$B$200,MATCH(A5,카테고리!$A$2:$A$200,0)),"?")) -> 고정비 | C5: 월 | D5: 1100000 | E5: =IF(A5="","",IF(C5="연",D5*설정!$B$9/12,D5)) -> 1100000 | F5: =IF($A5="","",IF($C5="연",SUMIFS(거래내역!$D$2:$D$5000,거래내역!$E$2:$E$5000,$A5,거래내역!$L$2:$L$5000,">="&설정!$B$8,거래내역!$L$2:$L$5000,"<="&설정!$B$7,거래내역!$H$2:$H$5000,설정!$B$5),SUMIFS(거래내역!$D$2:$D$5000,거래내역!$E$2:$E$5000,$A5,거래내역!$B$2:$B$5000,설정!$B$3,거래내역!$H$2:$H$5000,설정!$B$5))) -> 0 | G5: =IF(OR(A5="",N(E5)=0),"",F5/E5) -> 0 | H5: =IF(A5="","",E5-F5) -> 1100000 | I5: =IF(OR(A5="",N(E5)=0),"",IF(G5>1,"🔴 초과",IF(AND(G5>=0.9,B5<>"고정비"),"⚠ 주의","✅ 양호"))) -> ✅ 양호 | J5: =IF($A5="","",IF($C5="연",SUMIFS(거래내역!$D$2:$D$5000,거래내역!$E$2:$E$5000,$A5,거래내역!$L$2:$L$5000,">="&설정!$B$8,거래내역!$L$2:$L$5000,"<="&설정!$B$7,거래내역!$H$2:$H$5000,"본인"),SUMIFS(거래내역!$D$2:$D$5000,거래내역!$E$2:$E$5000,$A5,거래내역!$B$2:$B$5000,설정!$B$3,거래내역!$H$2:$H$5000,"본인"))) -> 0 | K5: =IF($A5="","",IF($C5="연",SUMIFS(거래내역!$D$2:$D$5000,거래내역!$E$2:$E$5000,$A5,거래내역!$L$2:$L$5000,">="&설정!$B$8,거래내역!$L$2:$L$5000,"<="&설정!$B$7,거래내역!$H$2:$H$5000,"배우자"),SUMIFS(거래내역!$D$2:$D$5000,거래내역!$E$2:$E$5000,$A5,거래내역!$B$2:$B$5000,설정!$B$3,거래내역!$H$2:$H$5000,"배우자"))) -> 0 | L5: =IF($A5="","",IF($C5="연",SUMIFS(거래내역!$D$2:$D$5000,거래내역!$E$2:$E$5000,$A5,거래내역!$L$2:$L$5000,">="&설정!$B$8,거래내역!$L$2:$L$5000,"<="&설정!$B$7,거래내역!$H$2:$H$5000,"공동"),SUMIFS(거래내역!$D$2:$D$5000,거래내역!$E$2:$E$5000,$A5,거래내역!$B$2:$B$5000,설정!$B$3,거래내역!$H$2:$H$5000,"공동"))) -> 0 | M5: =IF(ISNUMBER(SEARCH("초과",I5)),A5&" "&TEXT(G5,"0%"),"")
A6: 보험료 | B6: =IF(A6="","",IFERROR(INDEX(카테고리!$B$2:$B$200,MATCH(A6,카테고리!$A$2:$A$200,0)),"?")) -> 고정비 | C6: 월 | D6: 400000 | E6: =IF(A6="","",IF(C6="연",D6*설정!$B$9/12,D6)) -> 400000 | F6: =IF($A6="","",IF($C6="연",SUMIFS(거래내역!$D$2:$D$5000,거래내역!$E$2:$E$5000,$A6,거래내역!$L$2:$L$5000,">="&설정!$B$8,거래내역!$L$2:$L$5000,"<="&설정!$B$7,거래내역!$H$2:$H$5000,설정!$B$5),SUMIFS(거래내역!$D$2:$D$5000,거래내역!$E$2:$E$5000,$A6,거래내역!$B$2:$B$5000,설정!$B$3,거래내역!$H$2:$H$5000,설정!$B$5))) -> 0 | G6: =IF(OR(A6="",N(E6)=0),"",F6/E6) -> 0 | H6: =IF(A6="","",E6-F6) -> 400000 | I6: =IF(OR(A6="",N(E6)=0),"",IF(G6>1,"🔴 초과",IF(AND(G6>=0.9,B6<>"고정비"),"⚠ 주의","✅ 양호"))) -> ✅ 양호 | J6: =IF($A6="","",IF($C6="연",SUMIFS(거래내역!$D$2:$D$5000,거래내역!$E$2:$E$5000,$A6,거래내역!$L$2:$L$5000,">="&설정!$B$8,거래내역!$L$2:$L$5000,"<="&설정!$B$7,거래내역!$H$2:$H$5000,"본인"),SUMIFS(거래내역!$D$2:$D$5000,거래내역!$E$2:$E$5000,$A6,거래내역!$B$2:$B$5000,설정!$B$3,거래내역!$H$2:$H$5000,"본인"))) -> 0 | K6: =IF($A6="","",IF($C6="연",SUMIFS(거래내역!$D$2:$D$5000,거래내역!$E$2:$E$5000,$A6,거래내역!$L$2:$L$5000,">="&설정!$B$8,거래내역!$L$2:$L$5000,"<="&설정!$B$7,거래내역!$H$2:$H$5000,"배우자"),SUMIFS(거래내역!$D$2:$D$5000,거래내역!$E$2:$E$5000,$A6,거래내역!$B$2:$B$5000,설정!$B$3,거래내역!$H$2:$H$5000,"배우자"))) -> 0 | L6: =IF($A6="","",IF($C6="연",SUMIFS(거래내역!$D$2:$D$5000,거래내역!$E$2:$E$5000,$A6,거래내역!$L$2:$L$5000,">="&설정!$B$8,거래내역!$L$2:$L$5000,"<="&설정!$B$7,거래내역!$H$2:$H$5000,"공동"),SUMIFS(거래내역!$D$2:$D$5000,거래내역!$E$2:$E$5000,$A6,거래내역!$B$2:$B$5000,설정!$B$3,거래내역!$H$2:$H$5000,"공동"))) -> 0 | M6: =IF(ISNUMBER(SEARCH("초과",I6)),A6&" "&TEXT(G6,"0%"),"")
A7: 통신비 | B7: =IF(A7="","",IFERROR(INDEX(카테고리!$B$2:$B$200,MATCH(A7,카테고리!$A$2:$A$200,0)),"?")) -> 고정비 | C7: 월 | D7: 160000 | E7: =IF(A7="","",IF(C7="연",D7*설정!$B$9/12,D7)) -> 160000 | F7: =IF($A7="","",IF($C7="연",SUMIFS(거래내역!$D$2:$D$5000,거래내역!$E$2:$E$5000,$A7,거래내역!$L$2:$L$5000,">="&설정!$B$8,거래내역!$L$2:$L$5000,"<="&설정!$B$7,거래내역!$H$2:$H$5000,설정!$B$5),SUMIFS(거래내역!$D$2:$D$5000,거래내역!$E$2:$E$5000,$A7,거래내역!$B$2:$B$5000,설정!$B$3,거래내역!$H$2:$H$5000,설정!$B$5))) -> 0 | G7: =IF(OR(A7="",N(E7)=0),"",F7/E7) -> 0 | H7: =IF(A7="","",E7-F7) -> 160000 | I7: =IF(OR(A7="",N(E7)=0),"",IF(G7>1,"🔴 초과",IF(AND(G7>=0.9,B7<>"고정비"),"⚠ 주의","✅ 양호"))) -> ✅ 양호 | J7: =IF($A7="","",IF($C7="연",SUMIFS(거래내역!$D$2:$D$5000,거래내역!$E$2:$E$5000,$A7,거래내역!$L$2:$L$5000,">="&설정!$B$8,거래내역!$L$2:$L$5000,"<="&설정!$B$7,거래내역!$H$2:$H$5000,"본인"),SUMIFS(거래내역!$D$2:$D$5000,거래내역!$E$2:$E$5000,$A7,거래내역!$B$2:$B$5000,설정!$B$3,거래내역!$H$2:$H$5000,"본인"))) -> 0 | K7: =IF($A7="","",IF($C7="연",SUMIFS(거래내역!$D$2:$D$5000,거래내역!$E$2:$E$5000,$A7,거래내역!$L$2:$L$5000,">="&설정!$B$8,거래내역!$L$2:$L$5000,"<="&설정!$B$7,거래내역!$H$2:$H$5000,"배우자"),SUMIFS(거래내역!$D$2:$D$5000,거래내역!$E$2:$E$5000,$A7,거래내역!$B$2:$B$5000,설정!$B$3,거래내역!$H$2:$H$5000,"배우자"))) -> 0 | L7: =IF($A7="","",IF($C7="연",SUMIFS(거래내역!$D$2:$D$5000,거래내역!$E$2:$E$5000,$A7,거래내역!$L$2:$L$5000,">="&설정!$B$8,거래내역!$L$2:$L$5000,"<="&설정!$B$7,거래내역!$H$2:$H$5000,"공동"),SUMIFS(거래내역!$D$2:$D$5000,거래내역!$E$2:$E$5000,$A7,거래내역!$B$2:$B$5000,설정!$B$3,거래내역!$H$2:$H$5000,"공동"))) -> 0 | M7: =IF(ISNUMBER(SEARCH("초과",I7)),A7&" "&TEXT(G7,"0%"),"")
A8: 교육비 | B8: =IF(A8="","",IFERROR(INDEX(카테고리!$B$2:$B$200,MATCH(A8,카테고리!$A$2:$A$200,0)),"?")) -> 고정비 | C8: 월 | D8: 550000 | E8: =IF(A8="","",IF(C8="연",D8*설정!$B$9/12,D8)) -> 550000 | F8: =IF($A8="","",IF($C8="연",SUMIFS(거래내역!$D$2:$D$5000,거래내역!$E$2:$E$5000,$A8,거래내역!$L$2:$L$5000,">="&설정!$B$8,거래내역!$L$2:$L$5000,"<="&설정!$B$7,거래내역!$H$2:$H$5000,설정!$B$5),SUMIFS(거래내역!$D$2:$D$5000,거래내역!$E$2:$E$5000,$A8,거래내역!$B$2:$B$5000,설정!$B$3,거래내역!$H$2:$H$5000,설정!$B$5))) -> 0 | G8: =IF(OR(A8="",N(E8)=0),"",F8/E8) -> 0 | H8: =IF(A8="","",E8-F8) -> 550000 | I8: =IF(OR(A8="",N(E8)=0),"",IF(G8>1,"🔴 초과",IF(AND(G8>=0.9,B8<>"고정비"),"⚠ 주의","✅ 양호"))) -> ✅ 양호 | J8: =IF($A8="","",IF($C8="연",SUMIFS(거래내역!$D$2:$D$5000,거래내역!$E$2:$E$5000,$A8,거래내역!$L$2:$L$5000,">="&설정!$B$8,거래내역!$L$2:$L$5000,"<="&설정!$B$7,거래내역!$H$2:$H$5000,"본인"),SUMIFS(거래내역!$D$2:$D$5000,거래내역!$E$2:$E$5000,$A8,거래내역!$B$2:$B$5000,설정!$B$3,거래내역!$H$2:$H$5000,"본인"))) -> 0 | K8: =IF($A8="","",IF($C8="연",SUMIFS(거래내역!$D$2:$D$5000,거래내역!$E$2:$E$5000,$A8,거래내역!$L$2:$L$5000,">="&설정!$B$8,거래내역!$L$2:$L$5000,"<="&설정!$B$7,거래내역!$H$2:$H$5000,"배우자"),SUMIFS(거래내역!$D$2:$D$5000,거래내역!$E$2:$E$5000,$A8,거래내역!$B$2:$B$5000,설정!$B$3,거래내역!$H$2:$H$5000,"배우자"))) -> 0 | L8: =IF($A8="","",IF($C8="연",SUMIFS(거래내역!$D$2:$D$5000,거래내역!$E$2:$E$5000,$A8,거래내역!$L$2:$L$5000,">="&설정!$B$8,거래내역!$L$2:$L$5000,"<="&설정!$B$7,거래내역!$H$2:$H$5000,"공동"),SUMIFS(거래내역!$D$2:$D$5000,거래내역!$E$2:$E$5000,$A8,거래내역!$B$2:$B$5000,설정!$B$3,거래내역!$H$2:$H$5000,"공동"))) -> 0 | M8: =IF(ISNUMBER(SEARCH("초과",I8)),A8&" "&TEXT(G8,"0%"),"")
A9: 구독료 | B9: =IF(A9="","",IFERROR(INDEX(카테고리!$B$2:$B$200,MATCH(A9,카테고리!$A$2:$A$200,0)),"?")) -> 고정비 | C9: 월 | D9: 50000 | E9: =IF(A9="","",IF(C9="연",D9*설정!$B$9/12,D9)) -> 50000 | F9: =IF($A9="","",IF($C9="연",SUMIFS(거래내역!$D$2:$D$5000,거래내역!$E$2:$E$5000,$A9,거래내역!$L$2:$L$5000,">="&설정!$B$8,거래내역!$L$2:$L$5000,"<="&설정!$B$7,거래내역!$H$2:$H$5000,설정!$B$5),SUMIFS(거래내역!$D$2:$D$5000,거래내역!$E$2:$E$5000,$A9,거래내역!$B$2:$B$5000,설정!$B$3,거래내역!$H$2:$H$5000,설정!$B$5))) -> 0 | G9: =IF(OR(A9="",N(E9)=0),"",F9/E9) -> 0 | H9: =IF(A9="","",E9-F9) -> 50000 | I9: =IF(OR(A9="",N(E9)=0),"",IF(G9>1,"🔴 초과",IF(AND(G9>=0.9,B9<>"고정비"),"⚠ 주의","✅ 양호"))) -> ✅ 양호 | J9: =IF($A9="","",IF($C9="연",SUMIFS(거래내역!$D$2:$D$5000,거래내역!$E$2:$E$5000,$A9,거래내역!$L$2:$L$5000,">="&설정!$B$8,거래내역!$L$2:$L$5000,"<="&설정!$B$7,거래내역!$H$2:$H$5000,"본인"),SUMIFS(거래내역!$D$2:$D$5000,거래내역!$E$2:$E$5000,$A9,거래내역!$B$2:$B$5000,설정!$B$3,거래내역!$H$2:$H$5000,"본인"))) -> 0 | K9: =IF($A9="","",IF($C9="연",SUMIFS(거래내역!$D$2:$D$5000,거래내역!$E$2:$E$5000,$A9,거래내역!$L$2:$L$5000,">="&설정!$B$8,거래내역!$L$2:$L$5000,"<="&설정!$B$7,거래내역!$H$2:$H$5000,"배우자"),SUMIFS(거래내역!$D$2:$D$5000,거래내역!$E$2:$E$5000,$A9,거래내역!$B$2:$B$5000,설정!$B$3,거래내역!$H$2:$H$5000,"배우자"))) -> 0 | L9: =IF($A9="","",IF($C9="연",SUMIFS(거래내역!$D$2:$D$5000,거래내역!$E$2:$E$5000,$A9,거래내역!$L$2:$L$5000,">="&설정!$B$8,거래내역!$L$2:$L$5000,"<="&설정!$B$7,거래내역!$H$2:$H$5000,"공동"),SUMIFS(거래내역!$D$2:$D$5000,거래내역!$E$2:$E$5000,$A9,거래내역!$B$2:$B$5000,설정!$B$3,거래내역!$H$2:$H$5000,"공동"))) -> 0 | M9: =IF(ISNUMBER(SEARCH("초과",I9)),A9&" "&TEXT(G9,"0%"),"")
A10: 식비 | B10: =IF(A10="","",IFERROR(INDEX(카테고리!$B$2:$B$200,MATCH(A10,카테고리!$A$2:$A$200,0)),"?")) -> 변동비 | C10: 월 | D10: 900000 | E10: =IF(A10="","",IF(C10="연",D10*설정!$B$9/12,D10)) -> 900000 | F10: =IF($A10="","",IF($C10="연",SUMIFS(거래내역!$D$2:$D$5000,거래내역!$E$2:$E$5000,$A10,거래내역!$L$2:$L$5000,">="&설정!$B$8,거래내역!$L$2:$L$5000,"<="&설정!$B$7,거래내역!$H$2:$H$5000,설정!$B$5),SUMIFS(거래내역!$D$2:$D$5000,거래내역!$E$2:$E$5000,$A10,거래내역!$B$2:$B$5000,설정!$B$3,거래내역!$H$2:$H$5000,설정!$B$5))) -> 0 | G10: =IF(OR(A10="",N(E10)=0),"",F10/E10) -> 0 | H10: =IF(A10="","",E10-F10) -> 900000 | I10: =IF(OR(A10="",N(E10)=0),"",IF(G10>1,"🔴 초과",IF(AND(G10>=0.9,B10<>"고정비"),"⚠ 주의","✅ 양호"))) -> ✅ 양호 | J10: =IF($A10="","",IF($C10="연",SUMIFS(거래내역!$D$2:$D$5000,거래내역!$E$2:$E$5000,$A10,거래내역!$L$2:$L$5000,">="&설정!$B$8,거래내역!$L$2:$L$5000,"<="&설정!$B$7,거래내역!$H$2:$H$5000,"본인"),SUMIFS(거래내역!$D$2:$D$5000,거래내역!$E$2:$E$5000,$A10,거래내역!$B$2:$B$5000,설정!$B$3,거래내역!$H$2:$H$5000,"본인"))) -> 0 | K10: =IF($A10="","",IF($C10="연",SUMIFS(거래내역!$D$2:$D$5000,거래내역!$E$2:$E$5000,$A10,거래내역!$L$2:$L$5000,">="&설정!$B$8,거래내역!$L$2:$L$5000,"<="&설정!$B$7,거래내역!$H$2:$H$5000,"배우자"),SUMIFS(거래내역!$D$2:$D$5000,거래내역!$E$2:$E$5000,$A10,거래내역!$B$2:$B$5000,설정!$B$3,거래내역!$H$2:$H$5000,"배우자"))) -> 0 | L10: =IF($A10="","",IF($C10="연",SUMIFS(거래내역!$D$2:$D$5000,거래내역!$E$2:$E$5000,$A10,거래내역!$L$2:$L$5000,">="&설정!$B$8,거래내역!$L$2:$L$5000,"<="&설정!$B$7,거래내역!$H$2:$H$5000,"공동"),SUMIFS(거래내역!$D$2:$D$5000,거래내역!$E$2:$E$5000,$A10,거래내역!$B$2:$B$5000,설정!$B$3,거래내역!$H$2:$H$5000,"공동"))) -> 0 | M10: =IF(ISNUMBER(SEARCH("초과",I10)),A10&" "&TEXT(G10,"0%"),"")
A11: 외식 | B11: =IF(A11="","",IFERROR(INDEX(카테고리!$B$2:$B$200,MATCH(A11,카테고리!$A$2:$A$200,0)),"?")) -> 변동비 | C11: 월 | D11: 400000 | E11: =IF(A11="","",IF(C11="연",D11*설정!$B$9/12,D11)) -> 400000 | F11: =IF($A11="","",IF($C11="연",SUMIFS(거래내역!$D$2:$D$5000,거래내역!$E$2:$E$5000,$A11,거래내역!$L$2:$L$5000,">="&설정!$B$8,거래내역!$L$2:$L$5000,"<="&설정!$B$7,거래내역!$H$2:$H$5000,설정!$B$5),SUMIFS(거래내역!$D$2:$D$5000,거래내역!$E$2:$E$5000,$A11,거래내역!$B$2:$B$5000,설정!$B$3,거래내역!$H$2:$H$5000,설정!$B$5))) -> 0 | G11: =IF(OR(A11="",N(E11)=0),"",F11/E11) -> 0 | H11: =IF(A11="","",E11-F11) -> 400000 | I11: =IF(OR(A11="",N(E11)=0),"",IF(G11>1,"🔴 초과",IF(AND(G11>=0.9,B11<>"고정비"),"⚠ 주의","✅ 양호"))) -> ✅ 양호 | J11: =IF($A11="","",IF($C11="연",SUMIFS(거래내역!$D$2:$D$5000,거래내역!$E$2:$E$5000,$A11,거래내역!$L$2:$L$5000,">="&설정!$B$8,거래내역!$L$2:$L$5000,"<="&설정!$B$7,거래내역!$H$2:$H$5000,"본인"),SUMIFS(거래내역!$D$2:$D$5000,거래내역!$E$2:$E$5000,$A11,거래내역!$B$2:$B$5000,설정!$B$3,거래내역!$H$2:$H$5000,"본인"))) -> 0 | K11: =IF($A11="","",IF($C11="연",SUMIFS(거래내역!$D$2:$D$5000,거래내역!$E$2:$E$5000,$A11,거래내역!$L$2:$L$5000,">="&설정!$B$8,거래내역!$L$2:$L$5000,"<="&설정!$B$7,거래내역!$H$2:$H$5000,"배우자"),SUMIFS(거래내역!$D$2:$D$5000,거래내역!$E$2:$E$5000,$A11,거래내역!$B$2:$B$5000,설정!$B$3,거래내역!$H$2:$H$5000,"배우자"))) -> 0 | L11: =IF($A11="","",IF($C11="연",SUMIFS(거래내역!$D$2:$D$5000,거래내역!$E$2:$E$5000,$A11,거래내역!$L$2:$L$5000,">="&설정!$B$8,거래내역!$L$2:$L$5000,"<="&설정!$B$7,거래내역!$H$2:$H$5000,"공동"),SUMIFS(거래내역!$D$2:$D$5000,거래내역!$E$2:$E$5000,$A11,거래내역!$B$2:$B$5000,설정!$B$3,거래내역!$H$2:$H$5000,"공동"))) -> 0 | M11: =IF(ISNUMBER(SEARCH("초과",I11)),A11&" "&TEXT(G11,"0%"),"")
A12: 생활용품 | B12: =IF(A12="","",IFERROR(INDEX(카테고리!$B$2:$B$200,MATCH(A12,카테고리!$A$2:$A$200,0)),"?")) -> 변동비 | C12: 월 | D12: 250000 | E12: =IF(A12="","",IF(C12="연",D12*설정!$B$9/12,D12)) -> 250000 | F12: =IF($A12="","",IF($C12="연",SUMIFS(거래내역!$D$2:$D$5000,거래내역!$E$2:$E$5000,$A12,거래내역!$L$2:$L$5000,">="&설정!$B$8,거래내역!$L$2:$L$5000,"<="&설정!$B$7,거래내역!$H$2:$H$5000,설정!$B$5),SUMIFS(거래내역!$D$2:$D$5000,거래내역!$E$2:$E$5000,$A12,거래내역!$B$2:$B$5000,설정!$B$3,거래내역!$H$2:$H$5000,설정!$B$5))) -> 0 | G12: =IF(OR(A12="",N(E12)=0),"",F12/E12) -> 0 | H12: =IF(A12="","",E12-F12) -> 250000 | I12: =IF(OR(A12="",N(E12)=0),"",IF(G12>1,"🔴 초과",IF(AND(G12>=0.9,B12<>"고정비"),"⚠ 주의","✅ 양호"))) -> ✅ 양호 | J12: =IF($A12="","",IF($C12="연",SUMIFS(거래내역!$D$2:$D$5000,거래내역!$E$2:$E$5000,$A12,거래내역!$L$2:$L$5000,">="&설정!$B$8,거래내역!$L$2:$L$5000,"<="&설정!$B$7,거래내역!$H$2:$H$5000,"본인"),SUMIFS(거래내역!$D$2:$D$5000,거래내역!$E$2:$E$5000,$A12,거래내역!$B$2:$B$5000,설정!$B$3,거래내역!$H$2:$H$5000,"본인"))) -> 0 | K12: =IF($A12="","",IF($C12="연",SUMIFS(거래내역!$D$2:$D$5000,거래내역!$E$2:$E$5000,$A12,거래내역!$L$2:$L$5000,">="&설정!$B$8,거래내역!$L$2:$L$5000,"<="&설정!$B$7,거래내역!$H$2:$H$5000,"배우자"),SUMIFS(거래내역!$D$2:$D$5000,거래내역!$E$2:$E$5000,$A12,거래내역!$B$2:$B$5000,설정!$B$3,거래내역!$H$2:$H$5000,"배우자"))) -> 0 | L12: =IF($A12="","",IF($C12="연",SUMIFS(거래내역!$D$2:$D$5000,거래내역!$E$2:$E$5000,$A12,거래내역!$L$2:$L$5000,">="&설정!$B$8,거래내역!$L$2:$L$5000,"<="&설정!$B$7,거래내역!$H$2:$H$5000,"공동"),SUMIFS(거래내역!$D$2:$D$5000,거래내역!$E$2:$E$5000,$A12,거래내역!$B$2:$B$5000,설정!$B$3,거래내역!$H$2:$H$5000,"공동"))) -> 0 | M12: =IF(ISNUMBER(SEARCH("초과",I12)),A12&" "&TEXT(G12,"0%"),"")
A13: 교통 | B13: =IF(A13="","",IFERROR(INDEX(카테고리!$B$2:$B$200,MATCH(A13,카테고리!$A$2:$A$200,0)),"?")) -> 변동비 | C13: 월 | D13: 330000 | E13: =IF(A13="","",IF(C13="연",D13*설정!$B$9/12,D13)) -> 330000 | F13: =IF($A13="","",IF($C13="연",SUMIFS(거래내역!$D$2:$D$5000,거래내역!$E$2:$E$5000,$A13,거래내역!$L$2:$L$5000,">="&설정!$B$8,거래내역!$L$2:$L$5000,"<="&설정!$B$7,거래내역!$H$2:$H$5000,설정!$B$5),SUMIFS(거래내역!$D$2:$D$5000,거래내역!$E$2:$E$5000,$A13,거래내역!$B$2:$B$5000,설정!$B$3,거래내역!$H$2:$H$5000,설정!$B$5))) -> 0 | G13: =IF(OR(A13="",N(E13)=0),"",F13/E13) -> 0 | H13: =IF(A13="","",E13-F13) -> 330000 | I13: =IF(OR(A13="",N(E13)=0),"",IF(G13>1,"🔴 초과",IF(AND(G13>=0.9,B13<>"고정비"),"⚠ 주의","✅ 양호"))) -> ✅ 양호 | J13: =IF($A13="","",IF($C13="연",SUMIFS(거래내역!$D$2:$D$5000,거래내역!$E$2:$E$5000,$A13,거래내역!$L$2:$L$5000,">="&설정!$B$8,거래내역!$L$2:$L$5000,"<="&설정!$B$7,거래내역!$H$2:$H$5000,"본인"),SUMIFS(거래내역!$D$2:$D$5000,거래내역!$E$2:$E$5000,$A13,거래내역!$B$2:$B$5000,설정!$B$3,거래내역!$H$2:$H$5000,"본인"))) -> 0 | K13: =IF($A13="","",IF($C13="연",SUMIFS(거래내역!$D$2:$D$5000,거래내역!$E$2:$E$5000,$A13,거래내역!$L$2:$L$5000,">="&설정!$B$8,거래내역!$L$2:$L$5000,"<="&설정!$B$7,거래내역!$H$2:$H$5000,"배우자"),SUMIFS(거래내역!$D$2:$D$5000,거래내역!$E$2:$E$5000,$A13,거래내역!$B$2:$B$5000,설정!$B$3,거래내역!$H$2:$H$5000,"배우자"))) -> 0 | L13: =IF($A13="","",IF($C13="연",SUMIFS(거래내역!$D$2:$D$5000,거래내역!$E$2:$E$5000,$A13,거래내역!$L$2:$L$5000,">="&설정!$B$8,거래내역!$L$2:$L$5000,"<="&설정!$B$7,거래내역!$H$2:$H$5000,"공동"),SUMIFS(거래내역!$D$2:$D$5000,거래내역!$E$2:$E$5000,$A13,거래내역!$B$2:$B$5000,설정!$B$3,거래내역!$H$2:$H$5000,"공동"))) -> 0 | M13: =IF(ISNUMBER(SEARCH("초과",I13)),A13&" "&TEXT(G13,"0%"),"")
A14: 쇼핑 | B14: =IF(A14="","",IFERROR(INDEX(카테고리!$B$2:$B$200,MATCH(A14,카테고리!$A$2:$A$200,0)),"?")) -> 변동비 | C14: 월 | D14: 300000 | E14: =IF(A14="","",IF(C14="연",D14*설정!$B$9/12,D14)) -> 300000 | F14: =IF($A14="","",IF($C14="연",SUMIFS(거래내역!$D$2:$D$5000,거래내역!$E$2:$E$5000,$A14,거래내역!$L$2:$L$5000,">="&설정!$B$8,거래내역!$L$2:$L$5000,"<="&설정!$B$7,거래내역!$H$2:$H$5000,설정!$B$5),SUMIFS(거래내역!$D$2:$D$5000,거래내역!$E$2:$E$5000,$A14,거래내역!$B$2:$B$5000,설정!$B$3,거래내역!$H$2:$H$5000,설정!$B$5))) -> 0 | G14: =IF(OR(A14="",N(E14)=0),"",F14/E14) -> 0 | H14: =IF(A14="","",E14-F14) -> 300000 | I14: =IF(OR(A14="",N(E14)=0),"",IF(G14>1,"🔴 초과",IF(AND(G14>=0.9,B14<>"고정비"),"⚠ 주의","✅ 양호"))) -> ✅ 양호 | J14: =IF($A14="","",IF($C14="연",SUMIFS(거래내역!$D$2:$D$5000,거래내역!$E$2:$E$5000,$A14,거래내역!$L$2:$L$5000,">="&설정!$B$8,거래내역!$L$2:$L$5000,"<="&설정!$B$7,거래내역!$H$2:$H$5000,"본인"),SUMIFS(거래내역!$D$2:$D$5000,거래내역!$E$2:$E$5000,$A14,거래내역!$B$2:$B$5000,설정!$B$3,거래내역!$H$2:$H$5000,"본인"))) -> 0 | K14: =IF($A14="","",IF($C14="연",SUMIFS(거래내역!$D$2:$D$5000,거래내역!$E$2:$E$5000,$A14,거래내역!$L$2:$L$5000,">="&설정!$B$8,거래내역!$L$2:$L$5000,"<="&설정!$B$7,거래내역!$H$2:$H$5000,"배우자"),SUMIFS(거래내역!$D$2:$D$5000,거래내역!$E$2:$E$5000,$A14,거래내역!$B$2:$B$5000,설정!$B$3,거래내역!$H$2:$H$5000,"배우자"))) -> 0 | L14: =IF($A14="","",IF($C14="연",SUMIFS(거래내역!$D$2:$D$5000,거래내역!$E$2:$E$5000,$A14,거래내역!$L$2:$L$5000,">="&설정!$B$8,거래내역!$L$2:$L$5000,"<="&설정!$B$7,거래내역!$H$2:$H$5000,"공동"),SUMIFS(거래내역!$D$2:$D$5000,거래내역!$E$2:$E$5000,$A14,거래내역!$B$2:$B$5000,설정!$B$3,거래내역!$H$2:$H$5000,"공동"))) -> 0 | M14: =IF(ISNUMBER(SEARCH("초과",I14)),A14&" "&TEXT(G14,"0%"),"")
A15: 의료 | B15: =IF(A15="","",IFERROR(INDEX(카테고리!$B$2:$B$200,MATCH(A15,카테고리!$A$2:$A$200,0)),"?")) -> 변동비 | C15: 월 | D15: 120000 | E15: =IF(A15="","",IF(C15="연",D15*설정!$B$9/12,D15)) -> 120000 | F15: =IF($A15="","",IF($C15="연",SUMIFS(거래내역!$D$2:$D$5000,거래내역!$E$2:$E$5000,$A15,거래내역!$L$2:$L$5000,">="&설정!$B$8,거래내역!$L$2:$L$5000,"<="&설정!$B$7,거래내역!$H$2:$H$5000,설정!$B$5),SUMIFS(거래내역!$D$2:$D$5000,거래내역!$E$2:$E$5000,$A15,거래내역!$B$2:$B$5000,설정!$B$3,거래내역!$H$2:$H$5000,설정!$B$5))) -> 0 | G15: =IF(OR(A15="",N(E15)=0),"",F15/E15) -> 0 | H15: =IF(A15="","",E15-F15) -> 120000 | I15: =IF(OR(A15="",N(E15)=0),"",IF(G15>1,"🔴 초과",IF(AND(G15>=0.9,B15<>"고정비"),"⚠ 주의","✅ 양호"))) -> ✅ 양호 | J15: =IF($A15="","",IF($C15="연",SUMIFS(거래내역!$D$2:$D$5000,거래내역!$E$2:$E$5000,$A15,거래내역!$L$2:$L$5000,">="&설정!$B$8,거래내역!$L$2:$L$5000,"<="&설정!$B$7,거래내역!$H$2:$H$5000,"본인"),SUMIFS(거래내역!$D$2:$D$5000,거래내역!$E$2:$E$5000,$A15,거래내역!$B$2:$B$5000,설정!$B$3,거래내역!$H$2:$H$5000,"본인"))) -> 0 | K15: =IF($A15="","",IF($C15="연",SUMIFS(거래내역!$D$2:$D$5000,거래내역!$E$2:$E$5000,$A15,거래내역!$L$2:$L$5000,">="&설정!$B$8,거래내역!$L$2:$L$5000,"<="&설정!$B$7,거래내역!$H$2:$H$5000,"배우자"),SUMIFS(거래내역!$D$2:$D$5000,거래내역!$E$2:$E$5000,$A15,거래내역!$B$2:$B$5000,설정!$B$3,거래내역!$H$2:$H$5000,"배우자"))) -> 0 | L15: =IF($A15="","",IF($C15="연",SUMIFS(거래내역!$D$2:$D$5000,거래내역!$E$2:$E$5000,$A15,거래내역!$L$2:$L$5000,">="&설정!$B$8,거래내역!$L$2:$L$5000,"<="&설정!$B$7,거래내역!$H$2:$H$5000,"공동"),SUMIFS(거래내역!$D$2:$D$5000,거래내역!$E$2:$E$5000,$A15,거래내역!$B$2:$B$5000,설정!$B$3,거래내역!$H$2:$H$5000,"공동"))) -> 0 | M15: =IF(ISNUMBER(SEARCH("초과",I15)),A15&" "&TEXT(G15,"0%"),"")
... A21: 명절 | B21: =IF(A21="","",IFERROR(INDEX(카테고리!$B$2:$B$200,MATCH(A21,카테고리!$A$2:$A$200,0)),"?")) -> 비정기비 | C21: 연 | D21: 1800000 | E21: =IF(A21="","",IF(C21="연",D21*설정!$B$9/12,D21)) -> 1350000 | F21: =IF($A21="","",IF($C21="연",SUMIFS(거래내역!$D$2:$D$5000,거래내역!$E$2:$E$5000,$A21,거래내역!$L$2:$L$5000,">="&설정!$B$8,거래내역!$L$2:$L$5000,"<="&설정!$B$7,거래내역!$H$2:$H$5000,설정!$B$5),SUMIFS(거래내역!$D$2:$D$5000,거래내역!$E$2:$E$5000,$A21,거래내역!$B$2:$B$5000,설정!$B$3,거래내역!$H$2:$H$5000,설정!$B$5))) -> 0 | G21: =IF(OR(A21="",N(E21)=0),"",F21/E21) -> 0 | H21: =IF(A21="","",E21-F21) -> 1350000 | I21: =IF(OR(A21="",N(E21)=0),"",IF(G21>1,"🔴 초과",IF(AND(G21>=0.9,B21<>"고정비"),"⚠ 주의","✅ 양호"))) -> ✅ 양호 | J21: =IF($A21="","",IF($C21="연",SUMIFS(거래내역!$D$2:$D$5000,거래내역!$E$2:$E$5000,$A21,거래내역!$L$2:$L$5000,">="&설정!$B$8,거래내역!$L$2:$L$5000,"<="&설정!$B$7,거래내역!$H$2:$H$5000,"본인"),SUMIFS(거래내역!$D$2:$D$5000,거래내역!$E$2:$E$5000,$A21,거래내역!$B$2:$B$5000,설정!$B$3,거래내역!$H$2:$H$5000,"본인"))) -> 0 | K21: =IF($A21="","",IF($C21="연",SUMIFS(거래내역!$D$2:$D$5000,거래내역!$E$2:$E$5000,$A21,거래내역!$L$2:$L$5000,">="&설정!$B$8,거래내역!$L$2:$L$5000,"<="&설정!$B$7,거래내역!$H$2:$H$5000,"배우자"),SUMIFS(거래내역!$D$2:$D$5000,거래내역!$E$2:$E$5000,$A21,거래내역!$B$2:$B$5000,설정!$B$3,거래내역!$H$2:$H$5000,"배우자"))) -> 0 | L21: =IF($A21="","",IF($C21="연",SUMIFS(거래내역!$D$2:$D$5000,거래내역!$E$2:$E$5000,$A21,거래내역!$L$2:$L$5000,">="&설정!$B$8,거래내역!$L$2:$L$5000,"<="&설정!$B$7,거래내역!$H$2:$H$5000,"공동"),SUMIFS(거래내역!$D$2:$D$5000,거래내역!$E$2:$E$5000,$A21,거래내역!$B$2:$B$5000,설정!$B$3,거래내역!$H$2:$H$5000,"공동"))) -> 0 | M21: =IF(ISNUMBER(SEARCH("초과",I21)),A21&" "&TEXT(G21,"0%"),"")
B22: =IF(A22="","",IFERROR(INDEX(카테고리!$B$2:$B$200,MATCH(A22,카테고리!$A$2:$A$200,0)),"?")) | E22: =IF(A22="","",IF(C22="연",D22*설정!$B$9/12,D22)) | F22: =IF($A22="","",IF($C22="연",SUMIFS(거래내역!$D$2:$D$5000,거래내역!$E$2:$E$5000,$A22,거래내역!$L$2:$L$5000,">="&설정!$B$8,거래내역!$L$2:$L$5000,"<="&설정!$B$7,거래내역!$H$2:$H$5000,설정!$B$5),SUMIFS(거래내역!$D$2:$D$5000,거래내역!$E$2:$E$5000,$A22,거래내역!$B$2:$B$5000,설정!$B$3,거래내역!$H$2:$H$5000,설정!$B$5))) | G22: =IF(OR(A22="",N(E22)=0),"",F22/E22) | H22: =IF(A22="","",E22-F22) | I22: =IF(OR(A22="",N(E22)=0),"",IF(G22>1,"🔴 초과",IF(AND(G22>=0.9,B22<>"고정비"),"⚠ 주의","✅ 양호"))) | J22: =IF($A22="","",IF($C22="연",SUMIFS(거래내역!$D$2:$D$5000,거래내역!$E$2:$E$5000,$A22,거래내역!$L$2:$L$5000,">="&설정!$B$8,거래내역!$L$2:$L$5000,"<="&설정!$B$7,거래내역!$H$2:$H$5000,"본인"),SUMIFS(거래내역!$D$2:$D$5000,거래내역!$E$2:$E$5000,$A22,거래내역!$B$2:$B$5000,설정!$B$3,거래내역!$H$2:$H$5000,"본인"))) | K22: =IF($A22="","",IF($C22="연",SUMIFS(거래내역!$D$2:$D$5000,거래내역!$E$2:$E$5000,$A22,거래내역!$L$2:$L$5000,">="&설정!$B$8,거래내역!$L$2:$L$5000,"<="&설정!$B$7,거래내역!$H$2:$H$5000,"배우자"),SUMIFS(거래내역!$D$2:$D$5000,거래내역!$E$2:$E$5000,$A22,거래내역!$B$2:$B$5000,설정!$B$3,거래내역!$H$2:$H$5000,"배우자"))) | L22: =IF($A22="","",IF($C22="연",SUMIFS(거래내역!$D$2:$D$5000,거래내역!$E$2:$E$5000,$A22,거래내역!$L$2:$L$5000,">="&설정!$B$8,거래내역!$L$2:$L$5000,"<="&설정!$B$7,거래내역!$H$2:$H$5000,"공동"),SUMIFS(거래내역!$D$2:$D$5000,거래내역!$E$2:$E$5000,$A22,거래내역!$B$2:$B$5000,설정!$B$3,거래내역!$H$2:$H$5000,"공동"))) | M22: =IF(ISNUMBER(SEARCH("초과",I22)),A22&" "&TEXT(G22,"0%"),"")
B23: =IF(A23="","",IFERROR(INDEX(카테고리!$B$2:$B$200,MATCH(A23,카테고리!$A$2:$A$200,0)),"?")) | E23: =IF(A23="","",IF(C23="연",D23*설정!$B$9/12,D23)) | F23: =IF($A23="","",IF($C23="연",SUMIFS(거래내역!$D$2:$D$5000,거래내역!$E$2:$E$5000,$A23,거래내역!$L$2:$L$5000,">="&설정!$B$8,거래내역!$L$2:$L$5000,"<="&설정!$B$7,거래내역!$H$2:$H$5000,설정!$B$5),SUMIFS(거래내역!$D$2:$D$5000,거래내역!$E$2:$E$5000,$A23,거래내역!$B$2:$B$5000,설정!$B$3,거래내역!$H$2:$H$5000,설정!$B$5))) | G23: =IF(OR(A23="",N(E23)=0),"",F23/E23) | H23: =IF(A23="","",E23-F23) | I23: =IF(OR(A23="",N(E23)=0),"",IF(G23>1,"🔴 초과",IF(AND(G23>=0.9,B23<>"고정비"),"⚠ 주의","✅ 양호"))) | J23: =IF($A23="","",IF($C23="연",SUMIFS(거래내역!$D$2:$D$5000,거래내역!$E$2:$E$5000,$A23,거래내역!$L$2:$L$5000,">="&설정!$B$8,거래내역!$L$2:$L$5000,"<="&설정!$B$7,거래내역!$H$2:$H$5000,"본인"),SUMIFS(거래내역!$D$2:$D$5000,거래내역!$E$2:$E$5000,$A23,거래내역!$B$2:$B$5000,설정!$B$3,거래내역!$H$2:$H$5000,"본인"))) | K23: =IF($A23="","",IF($C23="연",SUMIFS(거래내역!$D$2:$D$5000,거래내역!$E$2:$E$5000,$A23,거래내역!$L$2:$L$5000,">="&설정!$B$8,거래내역!$L$2:$L$5000,"<="&설정!$B$7,거래내역!$H$2:$H$5000,"배우자"),SUMIFS(거래내역!$D$2:$D$5000,거래내역!$E$2:$E$5000,$A23,거래내역!$B$2:$B$5000,설정!$B$3,거래내역!$H$2:$H$5000,"배우자"))) | L23: =IF($A23="","",IF($C23="연",SUMIFS(거래내역!$D$2:$D$5000,거래내역!$E$2:$E$5000,$A23,거래내역!$L$2:$L$5000,">="&설정!$B$8,거래내역!$L$2:$L$5000,"<="&설정!$B$7,거래내역!$H$2:$H$5000,"공동"),SUMIFS(거래내역!$D$2:$D$5000,거래내역!$E$2:$E$5000,$A23,거래내역!$B$2:$B$5000,설정!$B$3,거래내역!$H$2:$H$5000,"공동"))) | M23: =IF(ISNUMBER(SEARCH("초과",I23)),A23&" "&TEXT(G23,"0%"),"")
B24: =IF(A24="","",IFERROR(INDEX(카테고리!$B$2:$B$200,MATCH(A24,카테고리!$A$2:$A$200,0)),"?")) | E24: =IF(A24="","",IF(C24="연",D24*설정!$B$9/12,D24)) | F24: =IF($A24="","",IF($C24="연",SUMIFS(거래내역!$D$2:$D$5000,거래내역!$E$2:$E$5000,$A24,거래내역!$L$2:$L$5000,">="&설정!$B$8,거래내역!$L$2:$L$5000,"<="&설정!$B$7,거래내역!$H$2:$H$5000,설정!$B$5),SUMIFS(거래내역!$D$2:$D$5000,거래내역!$E$2:$E$5000,$A24,거래내역!$B$2:$B$5000,설정!$B$3,거래내역!$H$2:$H$5000,설정!$B$5))) | G24: =IF(OR(A24="",N(E24)=0),"",F24/E24) | H24: =IF(A24="","",E24-F24) | I24: =IF(OR(A24="",N(E24)=0),"",IF(G24>1,"🔴 초과",IF(AND(G24>=0.9,B24<>"고정비"),"⚠ 주의","✅ 양호"))) | J24: =IF($A24="","",IF($C24="연",SUMIFS(거래내역!$D$2:$D$5000,거래내역!$E$2:$E$5000,$A24,거래내역!$L$2:$L$5000,">="&설정!$B$8,거래내역!$L$2:$L$5000,"<="&설정!$B$7,거래내역!$H$2:$H$5000,"본인"),SUMIFS(거래내역!$D$2:$D$5000,거래내역!$E$2:$E$5000,$A24,거래내역!$B$2:$B$5000,설정!$B$3,거래내역!$H$2:$H$5000,"본인"))) | K24: =IF($A24="","",IF($C24="연",SUMIFS(거래내역!$D$2:$D$5000,거래내역!$E$2:$E$5000,$A24,거래내역!$L$2:$L$5000,">="&설정!$B$8,거래내역!$L$2:$L$5000,"<="&설정!$B$7,거래내역!$H$2:$H$5000,"배우자"),SUMIFS(거래내역!$D$2:$D$5000,거래내역!$E$2:$E$5000,$A24,거래내역!$B$2:$B$5000,설정!$B$3,거래내역!$H$2:$H$5000,"배우자"))) | L24: =IF($A24="","",IF($C24="연",SUMIFS(거래내역!$D$2:$D$5000,거래내역!$E$2:$E$5000,$A24,거래내역!$L$2:$L$5000,">="&설정!$B$8,거래내역!$L$2:$L$5000,"<="&설정!$B$7,거래내역!$H$2:$H$5000,"공동"),SUMIFS(거래내역!$D$2:$D$5000,거래내역!$E$2:$E$5000,$A24,거래내역!$B$2:$B$5000,설정!$B$3,거래내역!$H$2:$H$5000,"공동"))) | M24: =IF(ISNUMBER(SEARCH("초과",I24)),A24&" "&TEXT(G24,"0%"),"")
B25: =IF(A25="","",IFERROR(INDEX(카테고리!$B$2:$B$200,MATCH(A25,카테고리!$A$2:$A$200,0)),"?")) | E25: =IF(A25="","",IF(C25="연",D25*설정!$B$9/12,D25)) | F25: =IF($A25="","",IF($C25="연",SUMIFS(거래내역!$D$2:$D$5000,거래내역!$E$2:$E$5000,$A25,거래내역!$L$2:$L$5000,">="&설정!$B$8,거래내역!$L$2:$L$5000,"<="&설정!$B$7,거래내역!$H$2:$H$5000,설정!$B$5),SUMIFS(거래내역!$D$2:$D$5000,거래내역!$E$2:$E$5000,$A25,거래내역!$B$2:$B$5000,설정!$B$3,거래내역!$H$2:$H$5000,설정!$B$5))) | G25: =IF(OR(A25="",N(E25)=0),"",F25/E25) | H25: =IF(A25="","",E25-F25) | I25: =IF(OR(A25="",N(E25)=0),"",IF(G25>1,"🔴 초과",IF(AND(G25>=0.9,B25<>"고정비"),"⚠ 주의","✅ 양호"))) | J25: =IF($A25="","",IF($C25="연",SUMIFS(거래내역!$D$2:$D$5000,거래내역!$E$2:$E$5000,$A25,거래내역!$L$2:$L$5000,">="&설정!$B$8,거래내역!$L$2:$L$5000,"<="&설정!$B$7,거래내역!$H$2:$H$5000,"본인"),SUMIFS(거래내역!$D$2:$D$5000,거래내역!$E$2:$E$5000,$A25,거래내역!$B$2:$B$5000,설정!$B$3,거래내역!$H$2:$H$5000,"본인"))) | K25: =IF($A25="","",IF($C25="연",SUMIFS(거래내역!$D$2:$D$5000,거래내역!$E$2:$E$5000,$A25,거래내역!$L$2:$L$5000,">="&설정!$B$8,거래내역!$L$2:$L$5000,"<="&설정!$B$7,거래내역!$H$2:$H$5000,"배우자"),SUMIFS(거래내역!$D$2:$D$5000,거래내역!$E$2:$E$5000,$A25,거래내역!$B$2:$B$5000,설정!$B$3,거래내역!$H$2:$H$5000,"배우자"))) | L25: =IF($A25="","",IF($C25="연",SUMIFS(거래내역!$D$2:$D$5000,거래내역!$E$2:$E$5000,$A25,거래내역!$L$2:$L$5000,">="&설정!$B$8,거래내역!$L$2:$L$5000,"<="&설정!$B$7,거래내역!$H$2:$H$5000,"공동"),SUMIFS(거래내역!$D$2:$D$5000,거래내역!$E$2:$E$5000,$A25,거래내역!$B$2:$B$5000,설정!$B$3,거래내역!$H$2:$H$5000,"공동"))) | M25: =IF(ISNUMBER(SEARCH("초과",I25)),A25&" "&TEXT(G25,"0%"),"")
B26: =IF(A26="","",IFERROR(INDEX(카테고리!$B$2:$B$200,MATCH(A26,카테고리!$A$2:$A$200,0)),"?")) | E26: =IF(A26="","",IF(C26="연",D26*설정!$B$9/12,D26)) | F26: =IF($A26="","",IF($C26="연",SUMIFS(거래내역!$D$2:$D$5000,거래내역!$E$2:$E$5000,$A26,거래내역!$L$2:$L$5000,">="&설정!$B$8,거래내역!$L$2:$L$5000,"<="&설정!$B$7,거래내역!$H$2:$H$5000,설정!$B$5),SUMIFS(거래내역!$D$2:$D$5000,거래내역!$E$2:$E$5000,$A26,거래내역!$B$2:$B$5000,설정!$B$3,거래내역!$H$2:$H$5000,설정!$B$5))) | G26: =IF(OR(A26="",N(E26)=0),"",F26/E26) | H26: =IF(A26="","",E26-F26) | I26: =IF(OR(A26="",N(E26)=0),"",IF(G26>1,"🔴 초과",IF(AND(G26>=0.9,B26<>"고정비"),"⚠ 주의","✅ 양호"))) | J26: =IF($A26="","",IF($C26="연",SUMIFS(거래내역!$D$2:$D$5000,거래내역!$E$2:$E$5000,$A26,거래내역!$L$2:$L$5000,">="&설정!$B$8,거래내역!$L$2:$L$5000,"<="&설정!$B$7,거래내역!$H$2:$H$5000,"본인"),SUMIFS(거래내역!$D$2:$D$5000,거래내역!$E$2:$E$5000,$A26,거래내역!$B$2:$B$5000,설정!$B$3,거래내역!$H$2:$H$5000,"본인"))) | K26: =IF($A26="","",IF($C26="연",SUMIFS(거래내역!$D$2:$D$5000,거래내역!$E$2:$E$5000,$A26,거래내역!$L$2:$L$5000,">="&설정!$B$8,거래내역!$L$2:$L$5000,"<="&설정!$B$7,거래내역!$H$2:$H$5000,"배우자"),SUMIFS(거래내역!$D$2:$D$5000,거래내역!$E$2:$E$5000,$A26,거래내역!$B$2:$B$5000,설정!$B$3,거래내역!$H$2:$H$5000,"배우자"))) | L26: =IF($A26="","",IF($C26="연",SUMIFS(거래내역!$D$2:$D$5000,거래내역!$E$2:$E$5000,$A26,거래내역!$L$2:$L$5000,">="&설정!$B$8,거래내역!$L$2:$L$5000,"<="&설정!$B$7,거래내역!$H$2:$H$5000,"공동"),SUMIFS(거래내역!$D$2:$D$5000,거래내역!$E$2:$E$5000,$A26,거래내역!$B$2:$B$5000,설정!$B$3,거래내역!$H$2:$H$5000,"공동"))) | M26: =IF(ISNUMBER(SEARCH("초과",I26)),A26&" "&TEXT(G26,"0%"),"")
B27: =IF(A27="","",IFERROR(INDEX(카테고리!$B$2:$B$200,MATCH(A27,카테고리!$A$2:$A$200,0)),"?")) | E27: =IF(A27="","",IF(C27="연",D27*설정!$B$9/12,D27)) | F27: =IF($A27="","",IF($C27="연",SUMIFS(거래내역!$D$2:$D$5000,거래내역!$E$2:$E$5000,$A27,거래내역!$L$2:$L$5000,">="&설정!$B$8,거래내역!$L$2:$L$5000,"<="&설정!$B$7,거래내역!$H$2:$H$5000,설정!$B$5),SUMIFS(거래내역!$D$2:$D$5000,거래내역!$E$2:$E$5000,$A27,거래내역!$B$2:$B$5000,설정!$B$3,거래내역!$H$2:$H$5000,설정!$B$5))) | G27: =IF(OR(A27="",N(E27)=0),"",F27/E27) | H27: =IF(A27="","",E27-F27) | I27: =IF(OR(A27="",N(E27)=0),"",IF(G27>1,"🔴 초과",IF(AND(G27>=0.9,B27<>"고정비"),"⚠ 주의","✅ 양호"))) | J27: =IF($A27="","",IF($C27="연",SUMIFS(거래내역!$D$2:$D$5000,거래내역!$E$2:$E$5000,$A27,거래내역!$L$2:$L$5000,">="&설정!$B$8,거래내역!$L$2:$L$5000,"<="&설정!$B$7,거래내역!$H$2:$H$5000,"본인"),SUMIFS(거래내역!$D$2:$D$5000,거래내역!$E$2:$E$5000,$A27,거래내역!$B$2:$B$5000,설정!$B$3,거래내역!$H$2:$H$5000,"본인"))) | K27: =IF($A27="","",IF($C27="연",SUMIFS(거래내역!$D$2:$D$5000,거래내역!$E$2:$E$5000,$A27,거래내역!$L$2:$L$5000,">="&설정!$B$8,거래내역!$L$2:$L$5000,"<="&설정!$B$7,거래내역!$H$2:$H$5000,"배우자"),SUMIFS(거래내역!$D$2:$D$5000,거래내역!$E$2:$E$5000,$A27,거래내역!$B$2:$B$5000,설정!$B$3,거래내역!$H$2:$H$5000,"배우자"))) | L27: =IF($A27="","",IF($C27="연",SUMIFS(거래내역!$D$2:$D$5000,거래내역!$E$2:$E$5000,$A27,거래내역!$L$2:$L$5000,">="&설정!$B$8,거래내역!$L$2:$L$5000,"<="&설정!$B$7,거래내역!$H$2:$H$5000,"공동"),SUMIFS(거래내역!$D$2:$D$5000,거래내역!$E$2:$E$5000,$A27,거래내역!$B$2:$B$5000,설정!$B$3,거래내역!$H$2:$H$5000,"공동"))) | M27: =IF(ISNUMBER(SEARCH("초과",I27)),A27&" "&TEXT(G27,"0%"),"")
B28: =IF(A28="","",IFERROR(INDEX(카테고리!$B$2:$B$200,MATCH(A28,카테고리!$A$2:$A$200,0)),"?")) | E28: =IF(A28="","",IF(C28="연",D28*설정!$B$9/12,D28)) | F28: =IF($A28="","",IF($C28="연",SUMIFS(거래내역!$D$2:$D$5000,거래내역!$E$2:$E$5000,$A28,거래내역!$L$2:$L$5000,">="&설정!$B$8,거래내역!$L$2:$L$5000,"<="&설정!$B$7,거래내역!$H$2:$H$5000,설정!$B$5),SUMIFS(거래내역!$D$2:$D$5000,거래내역!$E$2:$E$5000,$A28,거래내역!$B$2:$B$5000,설정!$B$3,거래내역!$H$2:$H$5000,설정!$B$5))) | G28: =IF(OR(A28="",N(E28)=0),"",F28/E28) | H28: =IF(A28="","",E28-F28) | I28: =IF(OR(A28="",N(E28)=0),"",IF(G28>1,"🔴 초과",IF(AND(G28>=0.9,B28<>"고정비"),"⚠ 주의","✅ 양호"))) | J28: =IF($A28="","",IF($C28="연",SUMIFS(거래내역!$D$2:$D$5000,거래내역!$E$2:$E$5000,$A28,거래내역!$L$2:$L$5000,">="&설정!$B$8,거래내역!$L$2:$L$5000,"<="&설정!$B$7,거래내역!$H$2:$H$5000,"본인"),SUMIFS(거래내역!$D$2:$D$5000,거래내역!$E$2:$E$5000,$A28,거래내역!$B$2:$B$5000,설정!$B$3,거래내역!$H$2:$H$5000,"본인"))) | K28: =IF($A28="","",IF($C28="연",SUMIFS(거래내역!$D$2:$D$5000,거래내역!$E$2:$E$5000,$A28,거래내역!$L$2:$L$5000,">="&설정!$B$8,거래내역!$L$2:$L$5000,"<="&설정!$B$7,거래내역!$H$2:$H$5000,"배우자"),SUMIFS(거래내역!$D$2:$D$5000,거래내역!$E$2:$E$5000,$A28,거래내역!$B$2:$B$5000,설정!$B$3,거래내역!$H$2:$H$5000,"배우자"))) | L28: =IF($A28="","",IF($C28="연",SUMIFS(거래내역!$D$2:$D$5000,거래내역!$E$2:$E$5000,$A28,거래내역!$L$2:$L$5000,">="&설정!$B$8,거래내역!$L$2:$L$5000,"<="&설정!$B$7,거래내역!$H$2:$H$5000,"공동"),SUMIFS(거래내역!$D$2:$D$5000,거래내역!$E$2:$E$5000,$A28,거래내역!$B$2:$B$5000,설정!$B$3,거래내역!$H$2:$H$5000,"공동"))) | M28: =IF(ISNUMBER(SEARCH("초과",I28)),A28&" "&TEXT(G28,"0%"),"")
B29: =IF(A29="","",IFERROR(INDEX(카테고리!$B$2:$B$200,MATCH(A29,카테고리!$A$2:$A$200,0)),"?")) | E29: =IF(A29="","",IF(C29="연",D29*설정!$B$9/12,D29)) | F29: =IF($A29="","",IF($C29="연",SUMIFS(거래내역!$D$2:$D$5000,거래내역!$E$2:$E$5000,$A29,거래내역!$L$2:$L$5000,">="&설정!$B$8,거래내역!$L$2:$L$5000,"<="&설정!$B$7,거래내역!$H$2:$H$5000,설정!$B$5),SUMIFS(거래내역!$D$2:$D$5000,거래내역!$E$2:$E$5000,$A29,거래내역!$B$2:$B$5000,설정!$B$3,거래내역!$H$2:$H$5000,설정!$B$5))) | G29: =IF(OR(A29="",N(E29)=0),"",F29/E29) | H29: =IF(A29="","",E29-F29) | I29: =IF(OR(A29="",N(E29)=0),"",IF(G29>1,"🔴 초과",IF(AND(G29>=0.9,B29<>"고정비"),"⚠ 주의","✅ 양호"))) | J29: =IF($A29="","",IF($C29="연",SUMIFS(거래내역!$D$2:$D$5000,거래내역!$E$2:$E$5000,$A29,거래내역!$L$2:$L$5000,">="&설정!$B$8,거래내역!$L$2:$L$5000,"<="&설정!$B$7,거래내역!$H$2:$H$5000,"본인"),SUMIFS(거래내역!$D$2:$D$5000,거래내역!$E$2:$E$5000,$A29,거래내역!$B$2:$B$5000,설정!$B$3,거래내역!$H$2:$H$5000,"본인"))) | K29: =IF($A29="","",IF($C29="연",SUMIFS(거래내역!$D$2:$D$5000,거래내역!$E$2:$E$5000,$A29,거래내역!$L$2:$L$5000,">="&설정!$B$8,거래내역!$L$2:$L$5000,"<="&설정!$B$7,거래내역!$H$2:$H$5000,"배우자"),SUMIFS(거래내역!$D$2:$D$5000,거래내역!$E$2:$E$5000,$A29,거래내역!$B$2:$B$5000,설정!$B$3,거래내역!$H$2:$H$5000,"배우자"))) | L29: =IF($A29="","",IF($C29="연",SUMIFS(거래내역!$D$2:$D$5000,거래내역!$E$2:$E$5000,$A29,거래내역!$L$2:$L$5000,">="&설정!$B$8,거래내역!$L$2:$L$5000,"<="&설정!$B$7,거래내역!$H$2:$H$5000,"공동"),SUMIFS(거래내역!$D$2:$D$5000,거래내역!$E$2:$E$5000,$A29,거래내역!$B$2:$B$5000,설정!$B$3,거래내역!$H$2:$H$5000,"공동"))) | M29: =IF(ISNUMBER(SEARCH("초과",I29)),A29&" "&TEXT(G29,"0%"),"")
B30: =IF(A30="","",IFERROR(INDEX(카테고리!$B$2:$B$200,MATCH(A30,카테고리!$A$2:$A$200,0)),"?")) | E30: =IF(A30="","",IF(C30="연",D30*설정!$B$9/12,D30)) | F30: =IF($A30="","",IF($C30="연",SUMIFS(거래내역!$D$2:$D$5000,거래내역!$E$2:$E$5000,$A30,거래내역!$L$2:$L$5000,">="&설정!$B$8,거래내역!$L$2:$L$5000,"<="&설정!$B$7,거래내역!$H$2:$H$5000,설정!$B$5),SUMIFS(거래내역!$D$2:$D$5000,거래내역!$E$2:$E$5000,$A30,거래내역!$B$2:$B$5000,설정!$B$3,거래내역!$H$2:$H$5000,설정!$B$5))) | G30: =IF(OR(A30="",N(E30)=0),"",F30/E30) | H30: =IF(A30="","",E30-F30) | I30: =IF(OR(A30="",N(E30)=0),"",IF(G30>1,"🔴 초과",IF(AND(G30>=0.9,B30<>"고정비"),"⚠ 주의","✅ 양호"))) | J30: =IF($A30="","",IF($C30="연",SUMIFS(거래내역!$D$2:$D$5000,거래내역!$E$2:$E$5000,$A30,거래내역!$L$2:$L$5000,">="&설정!$B$8,거래내역!$L$2:$L$5000,"<="&설정!$B$7,거래내역!$H$2:$H$5000,"본인"),SUMIFS(거래내역!$D$2:$D$5000,거래내역!$E$2:$E$5000,$A30,거래내역!$B$2:$B$5000,설정!$B$3,거래내역!$H$2:$H$5000,"본인"))) | K30: =IF($A30="","",IF($C30="연",SUMIFS(거래내역!$D$2:$D$5000,거래내역!$E$2:$E$5000,$A30,거래내역!$L$2:$L$5000,">="&설정!$B$8,거래내역!$L$2:$L$5000,"<="&설정!$B$7,거래내역!$H$2:$H$5000,"배우자"),SUMIFS(거래내역!$D$2:$D$5000,거래내역!$E$2:$E$5000,$A30,거래내역!$B$2:$B$5000,설정!$B$3,거래내역!$H$2:$H$5000,"배우자"))) | L30: =IF($A30="","",IF($C30="연",SUMIFS(거래내역!$D$2:$D$5000,거래내역!$E$2:$E$5000,$A30,거래내역!$L$2:$L$5000,">="&설정!$B$8,거래내역!$L$2:$L$5000,"<="&설정!$B$7,거래내역!$H$2:$H$5000,"공동"),SUMIFS(거래내역!$D$2:$D$5000,거래내역!$E$2:$E$5000,$A30,거래내역!$B$2:$B$5000,설정!$B$3,거래내역!$H$2:$H$5000,"공동"))) | M30: =IF(ISNUMBER(SEARCH("초과",I30)),A30&" "&TEXT(G30,"0%"),"")
B31: =IF(A31="","",IFERROR(INDEX(카테고리!$B$2:$B$200,MATCH(A31,카테고리!$A$2:$A$200,0)),"?")) | E31: =IF(A31="","",IF(C31="연",D31*설정!$B$9/12,D31)) | F31: =IF($A31="","",IF($C31="연",SUMIFS(거래내역!$D$2:$D$5000,거래내역!$E$2:$E$5000,$A31,거래내역!$L$2:$L$5000,">="&설정!$B$8,거래내역!$L$2:$L$5000,"<="&설정!$B$7,거래내역!$H$2:$H$5000,설정!$B$5),SUMIFS(거래내역!$D$2:$D$5000,거래내역!$E$2:$E$5000,$A31,거래내역!$B$2:$B$5000,설정!$B$3,거래내역!$H$2:$H$5000,설정!$B$5))) | G31: =IF(OR(A31="",N(E31)=0),"",F31/E31) | H31: =IF(A31="","",E31-F31) | I31: =IF(OR(A31="",N(E31)=0),"",IF(G31>1,"🔴 초과",IF(AND(G31>=0.9,B31<>"고정비"),"⚠ 주의","✅ 양호"))) | J31: =IF($A31="","",IF($C31="연",SUMIFS(거래내역!$D$2:$D$5000,거래내역!$E$2:$E$5000,$A31,거래내역!$L$2:$L$5000,">="&설정!$B$8,거래내역!$L$2:$L$5000,"<="&설정!$B$7,거래내역!$H$2:$H$5000,"본인"),SUMIFS(거래내역!$D$2:$D$5000,거래내역!$E$2:$E$5000,$A31,거래내역!$B$2:$B$5000,설정!$B$3,거래내역!$H$2:$H$5000,"본인"))) | K31: =IF($A31="","",IF($C31="연",SUMIFS(거래내역!$D$2:$D$5000,거래내역!$E$2:$E$5000,$A31,거래내역!$L$2:$L$5000,">="&설정!$B$8,거래내역!$L$2:$L$5000,"<="&설정!$B$7,거래내역!$H$2:$H$5000,"배우자"),SUMIFS(거래내역!$D$2:$D$5000,거래내역!$E$2:$E$5000,$A31,거래내역!$B$2:$B$5000,설정!$B$3,거래내역!$H$2:$H$5000,"배우자"))) | L31: =IF($A31="","",IF($C31="연",SUMIFS(거래내역!$D$2:$D$5000,거래내역!$E$2:$E$5000,$A31,거래내역!$L$2:$L$5000,">="&설정!$B$8,거래내역!$L$2:$L$5000,"<="&설정!$B$7,거래내역!$H$2:$H$5000,"공동"),SUMIFS(거래내역!$D$2:$D$5000,거래내역!$E$2:$E$5000,$A31,거래내역!$B$2:$B$5000,설정!$B$3,거래내역!$H$2:$H$5000,"공동"))) | M31: =IF(ISNUMBER(SEARCH("초과",I31)),A31&" "&TEXT(G31,"0%"),"")
B32: =IF(A32="","",IFERROR(INDEX(카테고리!$B$2:$B$200,MATCH(A32,카테고리!$A$2:$A$200,0)),"?")) | E32: =IF(A32="","",IF(C32="연",D32*설정!$B$9/12,D32)) | F32: =IF($A32="","",IF($C32="연",SUMIFS(거래내역!$D$2:$D$5000,거래내역!$E$2:$E$5000,$A32,거래내역!$L$2:$L$5000,">="&설정!$B$8,거래내역!$L$2:$L$5000,"<="&설정!$B$7,거래내역!$H$2:$H$5000,설정!$B$5),SUMIFS(거래내역!$D$2:$D$5000,거래내역!$E$2:$E$5000,$A32,거래내역!$B$2:$B$5000,설정!$B$3,거래내역!$H$2:$H$5000,설정!$B$5))) | G32: =IF(OR(A32="",N(E32)=0),"",F32/E32) | H32: =IF(A32="","",E32-F32) | I32: =IF(OR(A32="",N(E32)=0),"",IF(G32>1,"🔴 초과",IF(AND(G32>=0.9,B32<>"고정비"),"⚠ 주의","✅ 양호"))) | J32: =IF($A32="","",IF($C32="연",SUMIFS(거래내역!$D$2:$D$5000,거래내역!$E$2:$E$5000,$A32,거래내역!$L$2:$L$5000,">="&설정!$B$8,거래내역!$L$2:$L$5000,"<="&설정!$B$7,거래내역!$H$2:$H$5000,"본인"),SUMIFS(거래내역!$D$2:$D$5000,거래내역!$E$2:$E$5000,$A32,거래내역!$B$2:$B$5000,설정!$B$3,거래내역!$H$2:$H$5000,"본인"))) | K32: =IF($A32="","",IF($C32="연",SUMIFS(거래내역!$D$2:$D$5000,거래내역!$E$2:$E$5000,$A32,거래내역!$L$2:$L$5000,">="&설정!$B$8,거래내역!$L$2:$L$5000,"<="&설정!$B$7,거래내역!$H$2:$H$5000,"배우자"),SUMIFS(거래내역!$D$2:$D$5000,거래내역!$E$2:$E$5000,$A32,거래내역!$B$2:$B$5000,설정!$B$3,거래내역!$H$2:$H$5000,"배우자"))) | L32: =IF($A32="","",IF($C32="연",SUMIFS(거래내역!$D$2:$D$5000,거래내역!$E$2:$E$5000,$A32,거래내역!$L$2:$L$5000,">="&설정!$B$8,거래내역!$L$2:$L$5000,"<="&설정!$B$7,거래내역!$H$2:$H$5000,"공동"),SUMIFS(거래내역!$D$2:$D$5000,거래내역!$E$2:$E$5000,$A32,거래내역!$B$2:$B$5000,설정!$B$3,거래내역!$H$2:$H$5000,"공동"))) | M32: =IF(ISNUMBER(SEARCH("초과",I32)),A32&" "&TEXT(G32,"0%"),"")
B33: =IF(A33="","",IFERROR(INDEX(카테고리!$B$2:$B$200,MATCH(A33,카테고리!$A$2:$A$200,0)),"?")) | E33: =IF(A33="","",IF(C33="연",D33*설정!$B$9/12,D33)) | F33: =IF($A33="","",IF($C33="연",SUMIFS(거래내역!$D$2:$D$5000,거래내역!$E$2:$E$5000,$A33,거래내역!$L$2:$L$5000,">="&설정!$B$8,거래내역!$L$2:$L$5000,"<="&설정!$B$7,거래내역!$H$2:$H$5000,설정!$B$5),SUMIFS(거래내역!$D$2:$D$5000,거래내역!$E$2:$E$5000,$A33,거래내역!$B$2:$B$5000,설정!$B$3,거래내역!$H$2:$H$5000,설정!$B$5))) | G33: =IF(OR(A33="",N(E33)=0),"",F33/E33) | H33: =IF(A33="","",E33-F33) | I33: =IF(OR(A33="",N(E33)=0),"",IF(G33>1,"🔴 초과",IF(AND(G33>=0.9,B33<>"고정비"),"⚠ 주의","✅ 양호"))) | J33: =IF($A33="","",IF($C33="연",SUMIFS(거래내역!$D$2:$D$5000,거래내역!$E$2:$E$5000,$A33,거래내역!$L$2:$L$5000,">="&설정!$B$8,거래내역!$L$2:$L$5000,"<="&설정!$B$7,거래내역!$H$2:$H$5000,"본인"),SUMIFS(거래내역!$D$2:$D$5000,거래내역!$E$2:$E$5000,$A33,거래내역!$B$2:$B$5000,설정!$B$3,거래내역!$H$2:$H$5000,"본인"))) | K33: =IF($A33="","",IF($C33="연",SUMIFS(거래내역!$D$2:$D$5000,거래내역!$E$2:$E$5000,$A33,거래내역!$L$2:$L$5000,">="&설정!$B$8,거래내역!$L$2:$L$5000,"<="&설정!$B$7,거래내역!$H$2:$H$5000,"배우자"),SUMIFS(거래내역!$D$2:$D$5000,거래내역!$E$2:$E$5000,$A33,거래내역!$B$2:$B$5000,설정!$B$3,거래내역!$H$2:$H$5000,"배우자"))) | L33: =IF($A33="","",IF($C33="연",SUMIFS(거래내역!$D$2:$D$5000,거래내역!$E$2:$E$5000,$A33,거래내역!$L$2:$L$5000,">="&설정!$B$8,거래내역!$L$2:$L$5000,"<="&설정!$B$7,거래내역!$H$2:$H$5000,"공동"),SUMIFS(거래내역!$D$2:$D$5000,거래내역!$E$2:$E$5000,$A33,거래내역!$B$2:$B$5000,설정!$B$3,거래내역!$H$2:$H$5000,"공동"))) | M33: =IF(ISNUMBER(SEARCH("초과",I33)),A33&" "&TEXT(G33,"0%"),"")
... B43: =IF(A43="","",IFERROR(INDEX(카테고리!$B$2:$B$200,MATCH(A43,카테고리!$A$2:$A$200,0)),"?")) | E43: =IF(A43="","",IF(C43="연",D43*설정!$B$9/12,D43)) | F43: =IF($A43="","",IF($C43="연",SUMIFS(거래내역!$D$2:$D$5000,거래내역!$E$2:$E$5000,$A43,거래내역!$L$2:$L$5000,">="&설정!$B$8,거래내역!$L$2:$L$5000,"<="&설정!$B$7,거래내역!$H$2:$H$5000,설정!$B$5),SUMIFS(거래내역!$D$2:$D$5000,거래내역!$E$2:$E$5000,$A43,거래내역!$B$2:$B$5000,설정!$B$3,거래내역!$H$2:$H$5000,설정!$B$5))) | G43: =IF(OR(A43="",N(E43)=0),"",F43/E43) | H43: =IF(A43="","",E43-F43) | I43: =IF(OR(A43="",N(E43)=0),"",IF(G43>1,"🔴 초과",IF(AND(G43>=0.9,B43<>"고정비"),"⚠ 주의","✅ 양호"))) | J43: =IF($A43="","",IF($C43="연",SUMIFS(거래내역!$D$2:$D$5000,거래내역!$E$2:$E$5000,$A43,거래내역!$L$2:$L$5000,">="&설정!$B$8,거래내역!$L$2:$L$5000,"<="&설정!$B$7,거래내역!$H$2:$H$5000,"본인"),SUMIFS(거래내역!$D$2:$D$5000,거래내역!$E$2:$E$5000,$A43,거래내역!$B$2:$B$5000,설정!$B$3,거래내역!$H$2:$H$5000,"본인"))) | K43: =IF($A43="","",IF($C43="연",SUMIFS(거래내역!$D$2:$D$5000,거래내역!$E$2:$E$5000,$A43,거래내역!$L$2:$L$5000,">="&설정!$B$8,거래내역!$L$2:$L$5000,"<="&설정!$B$7,거래내역!$H$2:$H$5000,"배우자"),SUMIFS(거래내역!$D$2:$D$5000,거래내역!$E$2:$E$5000,$A43,거래내역!$B$2:$B$5000,설정!$B$3,거래내역!$H$2:$H$5000,"배우자"))) | L43: =IF($A43="","",IF($C43="연",SUMIFS(거래내역!$D$2:$D$5000,거래내역!$E$2:$E$5000,$A43,거래내역!$L$2:$L$5000,">="&설정!$B$8,거래내역!$L$2:$L$5000,"<="&설정!$B$7,거래내역!$H$2:$H$5000,"공동"),SUMIFS(거래내역!$D$2:$D$5000,거래내역!$E$2:$E$5000,$A43,거래내역!$B$2:$B$5000,설정!$B$3,거래내역!$H$2:$H$5000,"공동"))) | M43: =IF(ISNUMBER(SEARCH("초과",I43)),A43&" "&TEXT(G43,"0%"),"")
A45: 월 예산 합계 (고정비+변동비) | D45: =SUMIFS(D$4:D$43,$C$4:$C$43,"월") -> 5680000 | E45: =SUMIFS(E$4:E$43,$C$4:$C$43,"월") -> 5680000 | F45: =SUMIFS(F$4:F$43,$C$4:$C$43,"월") -> 0 | G45: =IF(E45=0,0,F45/E45) -> 0 | H45: =E45-F45 -> 5680000 | I45: =IF(E45=0,"",IF(G45>1,"🔴 초과",IF(G45>=0.9,"⚠ 주의","✅ 양호"))) -> ✅ 양호 | J45: =SUMIFS(J$4:J$43,$C$4:$C$43,"월") -> 0 | K45: =SUMIFS(K$4:K$43,$C$4:$C$43,"월") -> 0 | L45: =SUMIFS(L$4:L$43,$C$4:$C$43,"월") -> 0
A46: 연 예산 합계 (비정기비, 경과분) | D46: =SUMIFS(D$4:D$43,$C$4:$C$43,"연") -> 9700000 | E46: =SUMIFS(E$4:E$43,$C$4:$C$43,"연") -> 7275000 | F46: =SUMIFS(F$4:F$43,$C$4:$C$43,"연") -> 0 | G46: =IF(E46=0,0,F46/E46) -> 0 | H46: =E46-F46 -> 7275000 | I46: =IF(E46=0,"",IF(G46>1,"🔴 초과",IF(G46>=0.9,"⚠ 주의","✅ 양호"))) -> ✅ 양호 | J46: =SUMIFS(J$4:J$43,$C$4:$C$43,"연") -> 0 | K46: =SUMIFS(K$4:K$43,$C$4:$C$43,"연") -> 0 | L46: =SUMIFS(L$4:L$43,$C$4:$C$43,"연") -> 0

Sheet 손익
A1: 📊 손익계산서 (월별)
A2: 최근 12개월. 대시보드 '보기' 구성원 기준으로 집계됩니다. 저축·투자·원금상환은 '자본이동'으로 소비에서 제외.
A3: 항목 | B3: =TEXT(EDATE(DATEVALUE(설정!$B$3&"-01"),-11),"yyyy-mm") -> 2025-10 | C3: =TEXT(EDATE(DATEVALUE(설정!$B$3&"-01"),-10),"yyyy-mm") -> 2025-11 | D3: =TEXT(EDATE(DATEVALUE(설정!$B$3&"-01"),-9),"yyyy-mm") -> 2025-12 | E3: =TEXT(EDATE(DATEVALUE(설정!$B$3&"-01"),-8),"yyyy-mm") -> 2026-01 | F3: =TEXT(EDATE(DATEVALUE(설정!$B$3&"-01"),-7),"yyyy-mm") -> 2026-02 | G3: =TEXT(EDATE(DATEVALUE(설정!$B$3&"-01"),-6),"yyyy-mm") -> 2026-03 | H3: =TEXT(EDATE(DATEVALUE(설정!$B$3&"-01"),-5),"yyyy-mm") -> 2026-04 | I3: =TEXT(EDATE(DATEVALUE(설정!$B$3&"-01"),-4),"yyyy-mm") -> 2026-05 | J3: =TEXT(EDATE(DATEVALUE(설정!$B$3&"-01"),-3),"yyyy-mm") -> 2026-06 | K3: =TEXT(EDATE(DATEVALUE(설정!$B$3&"-01"),-2),"yyyy-mm") -> 2026-07 | L3: =TEXT(EDATE(DATEVALUE(설정!$B$3&"-01"),-1),"yyyy-mm") -> 2026-08 | M3: =TEXT(EDATE(DATEVALUE(설정!$B$3&"-01"),0),"yyyy-mm") -> 2026-09 | N3: 12개월 합계 | O3: 월평균 | P3: 최근 3개월 평균
A4: [소득]
A5: 급여 | B5: =SUMIFS(거래내역!$D$2:$D$5000,거래내역!$B$2:$B$5000,B$3,거래내역!$E$2:$E$5000,"급여",거래내역!$H$2:$H$5000,설정!$B$5) -> 0 | C5: =SUMIFS(거래내역!$D$2:$D$5000,거래내역!$B$2:$B$5000,C$3,거래내역!$E$2:$E$5000,"급여",거래내역!$H$2:$H$5000,설정!$B$5) -> 0 | D5: =SUMIFS(거래내역!$D$2:$D$5000,거래내역!$B$2:$B$5000,D$3,거래내역!$E$2:$E$5000,"급여",거래내역!$H$2:$H$5000,설정!$B$5) -> 0 | E5: =SUMIFS(거래내역!$D$2:$D$5000,거래내역!$B$2:$B$5000,E$3,거래내역!$E$2:$E$5000,"급여",거래내역!$H$2:$H$5000,설정!$B$5) -> 0 | F5: =SUMIFS(거래내역!$D$2:$D$5000,거래내역!$B$2:$B$5000,F$3,거래내역!$E$2:$E$5000,"급여",거래내역!$H$2:$H$5000,설정!$B$5) -> 0 | G5: =SUMIFS(거래내역!$D$2:$D$5000,거래내역!$B$2:$B$5000,G$3,거래내역!$E$2:$E$5000,"급여",거래내역!$H$2:$H$5000,설정!$B$5) -> 0 | H5: =SUMIFS(거래내역!$D$2:$D$5000,거래내역!$B$2:$B$5000,H$3,거래내역!$E$2:$E$5000,"급여",거래내역!$H$2:$H$5000,설정!$B$5) -> 0 | I5: =SUMIFS(거래내역!$D$2:$D$5000,거래내역!$B$2:$B$5000,I$3,거래내역!$E$2:$E$5000,"급여",거래내역!$H$2:$H$5000,설정!$B$5) -> 0 | ... M5: =SUMIFS(거래내역!$D$2:$D$5000,거래내역!$B$2:$B$5000,M$3,거래내역!$E$2:$E$5000,"급여",거래내역!$H$2:$H$5000,설정!$B$5) -> 0 | N5: =SUM(B5:M5) -> 0 | O5: =N5/12 -> 0 | P5: =AVERAGE(K5:M5) -> 0
A6: 상여 | B6: =SUMIFS(거래내역!$D$2:$D$5000,거래내역!$B$2:$B$5000,B$3,거래내역!$E$2:$E$5000,"상여",거래내역!$H$2:$H$5000,설정!$B$5) -> 0 | C6: =SUMIFS(거래내역!$D$2:$D$5000,거래내역!$B$2:$B$5000,C$3,거래내역!$E$2:$E$5000,"상여",거래내역!$H$2:$H$5000,설정!$B$5) -> 0 | D6: =SUMIFS(거래내역!$D$2:$D$5000,거래내역!$B$2:$B$5000,D$3,거래내역!$E$2:$E$5000,"상여",거래내역!$H$2:$H$5000,설정!$B$5) -> 0 | E6: =SUMIFS(거래내역!$D$2:$D$5000,거래내역!$B$2:$B$5000,E$3,거래내역!$E$2:$E$5000,"상여",거래내역!$H$2:$H$5000,설정!$B$5) -> 0 | F6: =SUMIFS(거래내역!$D$2:$D$5000,거래내역!$B$2:$B$5000,F$3,거래내역!$E$2:$E$5000,"상여",거래내역!$H$2:$H$5000,설정!$B$5) -> 0 | G6: =SUMIFS(거래내역!$D$2:$D$5000,거래내역!$B$2:$B$5000,G$3,거래내역!$E$2:$E$5000,"상여",거래내역!$H$2:$H$5000,설정!$B$5) -> 0 | H6: =SUMIFS(거래내역!$D$2:$D$5000,거래내역!$B$2:$B$5000,H$3,거래내역!$E$2:$E$5000,"상여",거래내역!$H$2:$H$5000,설정!$B$5) -> 0 | I6: =SUMIFS(거래내역!$D$2:$D$5000,거래내역!$B$2:$B$5000,I$3,거래내역!$E$2:$E$5000,"상여",거래내역!$H$2:$H$5000,설정!$B$5) -> 0 | ... M6: =SUMIFS(거래내역!$D$2:$D$5000,거래내역!$B$2:$B$5000,M$3,거래내역!$E$2:$E$5000,"상여",거래내역!$H$2:$H$5000,설정!$B$5) -> 0 | N6: =SUM(B6:M6) -> 0 | O6: =N6/12 -> 0 | P6: =AVERAGE(K6:M6) -> 0
A7: 이자배당 | B7: =SUMIFS(거래내역!$D$2:$D$5000,거래내역!$B$2:$B$5000,B$3,거래내역!$E$2:$E$5000,"이자배당",거래내역!$H$2:$H$5000,설정!$B$5) -> 0 | C7: =SUMIFS(거래내역!$D$2:$D$5000,거래내역!$B$2:$B$5000,C$3,거래내역!$E$2:$E$5000,"이자배당",거래내역!$H$2:$H$5000,설정!$B$5) -> 0 | D7: =SUMIFS(거래내역!$D$2:$D$5000,거래내역!$B$2:$B$5000,D$3,거래내역!$E$2:$E$5000,"이자배당",거래내역!$H$2:$H$5000,설정!$B$5) -> 0 | E7: =SUMIFS(거래내역!$D$2:$D$5000,거래내역!$B$2:$B$5000,E$3,거래내역!$E$2:$E$5000,"이자배당",거래내역!$H$2:$H$5000,설정!$B$5) -> 0 | F7: =SUMIFS(거래내역!$D$2:$D$5000,거래내역!$B$2:$B$5000,F$3,거래내역!$E$2:$E$5000,"이자배당",거래내역!$H$2:$H$5000,설정!$B$5) -> 0 | G7: =SUMIFS(거래내역!$D$2:$D$5000,거래내역!$B$2:$B$5000,G$3,거래내역!$E$2:$E$5000,"이자배당",거래내역!$H$2:$H$5000,설정!$B$5) -> 0 | H7: =SUMIFS(거래내역!$D$2:$D$5000,거래내역!$B$2:$B$5000,H$3,거래내역!$E$2:$E$5000,"이자배당",거래내역!$H$2:$H$5000,설정!$B$5) -> 0 | I7: =SUMIFS(거래내역!$D$2:$D$5000,거래내역!$B$2:$B$5000,I$3,거래내역!$E$2:$E$5000,"이자배당",거래내역!$H$2:$H$5000,설정!$B$5) -> 0 | ... M7: =SUMIFS(거래내역!$D$2:$D$5000,거래내역!$B$2:$B$5000,M$3,거래내역!$E$2:$E$5000,"이자배당",거래내역!$H$2:$H$5000,설정!$B$5) -> 0 | N7: =SUM(B7:M7) -> 0 | O7: =N7/12 -> 0 | P7: =AVERAGE(K7:M7) -> 0
A8: 부수입 | B8: =SUMIFS(거래내역!$D$2:$D$5000,거래내역!$B$2:$B$5000,B$3,거래내역!$E$2:$E$5000,"부수입",거래내역!$H$2:$H$5000,설정!$B$5) -> 0 | C8: =SUMIFS(거래내역!$D$2:$D$5000,거래내역!$B$2:$B$5000,C$3,거래내역!$E$2:$E$5000,"부수입",거래내역!$H$2:$H$5000,설정!$B$5) -> 0 | D8: =SUMIFS(거래내역!$D$2:$D$5000,거래내역!$B$2:$B$5000,D$3,거래내역!$E$2:$E$5000,"부수입",거래내역!$H$2:$H$5000,설정!$B$5) -> 0 | E8: =SUMIFS(거래내역!$D$2:$D$5000,거래내역!$B$2:$B$5000,E$3,거래내역!$E$2:$E$5000,"부수입",거래내역!$H$2:$H$5000,설정!$B$5) -> 0 | F8: =SUMIFS(거래내역!$D$2:$D$5000,거래내역!$B$2:$B$5000,F$3,거래내역!$E$2:$E$5000,"부수입",거래내역!$H$2:$H$5000,설정!$B$5) -> 0 | G8: =SUMIFS(거래내역!$D$2:$D$5000,거래내역!$B$2:$B$5000,G$3,거래내역!$E$2:$E$5000,"부수입",거래내역!$H$2:$H$5000,설정!$B$5) -> 0 | H8: =SUMIFS(거래내역!$D$2:$D$5000,거래내역!$B$2:$B$5000,H$3,거래내역!$E$2:$E$5000,"부수입",거래내역!$H$2:$H$5000,설정!$B$5) -> 0 | I8: =SUMIFS(거래내역!$D$2:$D$5000,거래내역!$B$2:$B$5000,I$3,거래내역!$E$2:$E$5000,"부수입",거래내역!$H$2:$H$5000,설정!$B$5) -> 0 | ... M8: =SUMIFS(거래내역!$D$2:$D$5000,거래내역!$B$2:$B$5000,M$3,거래내역!$E$2:$E$5000,"부수입",거래내역!$H$2:$H$5000,설정!$B$5) -> 0 | N8: =SUM(B8:M8) -> 0 | O8: =N8/12 -> 0 | P8: =AVERAGE(K8:M8) -> 0
A9: 소득 합계 | B9: =SUMIFS(거래내역!$D$2:$D$5000,거래내역!$B$2:$B$5000,B$3,거래내역!$F$2:$F$5000,"소득",거래내역!$H$2:$H$5000,설정!$B$5) -> 0 | C9: =SUMIFS(거래내역!$D$2:$D$5000,거래내역!$B$2:$B$5000,C$3,거래내역!$F$2:$F$5000,"소득",거래내역!$H$2:$H$5000,설정!$B$5) -> 0 | D9: =SUMIFS(거래내역!$D$2:$D$5000,거래내역!$B$2:$B$5000,D$3,거래내역!$F$2:$F$5000,"소득",거래내역!$H$2:$H$5000,설정!$B$5) -> 0 | E9: =SUMIFS(거래내역!$D$2:$D$5000,거래내역!$B$2:$B$5000,E$3,거래내역!$F$2:$F$5000,"소득",거래내역!$H$2:$H$5000,설정!$B$5) -> 0 | F9: =SUMIFS(거래내역!$D$2:$D$5000,거래내역!$B$2:$B$5000,F$3,거래내역!$F$2:$F$5000,"소득",거래내역!$H$2:$H$5000,설정!$B$5) -> 0 | G9: =SUMIFS(거래내역!$D$2:$D$5000,거래내역!$B$2:$B$5000,G$3,거래내역!$F$2:$F$5000,"소득",거래내역!$H$2:$H$5000,설정!$B$5) -> 0 | H9: =SUMIFS(거래내역!$D$2:$D$5000,거래내역!$B$2:$B$5000,H$3,거래내역!$F$2:$F$5000,"소득",거래내역!$H$2:$H$5000,설정!$B$5) -> 0 | I9: =SUMIFS(거래내역!$D$2:$D$5000,거래내역!$B$2:$B$5000,I$3,거래내역!$F$2:$F$5000,"소득",거래내역!$H$2:$H$5000,설정!$B$5) -> 0 | ... M9: =SUMIFS(거래내역!$D$2:$D$5000,거래내역!$B$2:$B$5000,M$3,거래내역!$F$2:$F$5000,"소득",거래내역!$H$2:$H$5000,설정!$B$5) -> 0 | N9: =SUM(B9:M9) -> 0 | O9: =N9/12 -> 0 | P9: =AVERAGE(K9:M9) -> 0
A10: [고정비]
A11: 주거관리비 | B11: =SUMIFS(거래내역!$D$2:$D$5000,거래내역!$B$2:$B$5000,B$3,거래내역!$E$2:$E$5000,"주거관리비",거래내역!$H$2:$H$5000,설정!$B$5) -> 0 | C11: =SUMIFS(거래내역!$D$2:$D$5000,거래내역!$B$2:$B$5000,C$3,거래내역!$E$2:$E$5000,"주거관리비",거래내역!$H$2:$H$5000,설정!$B$5) -> 0 | D11: =SUMIFS(거래내역!$D$2:$D$5000,거래내역!$B$2:$B$5000,D$3,거래내역!$E$2:$E$5000,"주거관리비",거래내역!$H$2:$H$5000,설정!$B$5) -> 0 | E11: =SUMIFS(거래내역!$D$2:$D$5000,거래내역!$B$2:$B$5000,E$3,거래내역!$E$2:$E$5000,"주거관리비",거래내역!$H$2:$H$5000,설정!$B$5) -> 0 | F11: =SUMIFS(거래내역!$D$2:$D$5000,거래내역!$B$2:$B$5000,F$3,거래내역!$E$2:$E$5000,"주거관리비",거래내역!$H$2:$H$5000,설정!$B$5) -> 0 | G11: =SUMIFS(거래내역!$D$2:$D$5000,거래내역!$B$2:$B$5000,G$3,거래내역!$E$2:$E$5000,"주거관리비",거래내역!$H$2:$H$5000,설정!$B$5) -> 0 | H11: =SUMIFS(거래내역!$D$2:$D$5000,거래내역!$B$2:$B$5000,H$3,거래내역!$E$2:$E$5000,"주거관리비",거래내역!$H$2:$H$5000,설정!$B$5) -> 0 | I11: =SUMIFS(거래내역!$D$2:$D$5000,거래내역!$B$2:$B$5000,I$3,거래내역!$E$2:$E$5000,"주거관리비",거래내역!$H$2:$H$5000,설정!$B$5) -> 0 | ... M11: =SUMIFS(거래내역!$D$2:$D$5000,거래내역!$B$2:$B$5000,M$3,거래내역!$E$2:$E$5000,"주거관리비",거래내역!$H$2:$H$5000,설정!$B$5) -> 0 | N11: =SUM(B11:M11) -> 0 | O11: =N11/12 -> 0 | P11: =AVERAGE(K11:M11) -> 0
A12: 대출이자 | B12: =SUMIFS(거래내역!$D$2:$D$5000,거래내역!$B$2:$B$5000,B$3,거래내역!$E$2:$E$5000,"대출이자",거래내역!$H$2:$H$5000,설정!$B$5) -> 0 | C12: =SUMIFS(거래내역!$D$2:$D$5000,거래내역!$B$2:$B$5000,C$3,거래내역!$E$2:$E$5000,"대출이자",거래내역!$H$2:$H$5000,설정!$B$5) -> 0 | D12: =SUMIFS(거래내역!$D$2:$D$5000,거래내역!$B$2:$B$5000,D$3,거래내역!$E$2:$E$5000,"대출이자",거래내역!$H$2:$H$5000,설정!$B$5) -> 0 | E12: =SUMIFS(거래내역!$D$2:$D$5000,거래내역!$B$2:$B$5000,E$3,거래내역!$E$2:$E$5000,"대출이자",거래내역!$H$2:$H$5000,설정!$B$5) -> 0 | F12: =SUMIFS(거래내역!$D$2:$D$5000,거래내역!$B$2:$B$5000,F$3,거래내역!$E$2:$E$5000,"대출이자",거래내역!$H$2:$H$5000,설정!$B$5) -> 0 | G12: =SUMIFS(거래내역!$D$2:$D$5000,거래내역!$B$2:$B$5000,G$3,거래내역!$E$2:$E$5000,"대출이자",거래내역!$H$2:$H$5000,설정!$B$5) -> 0 | H12: =SUMIFS(거래내역!$D$2:$D$5000,거래내역!$B$2:$B$5000,H$3,거래내역!$E$2:$E$5000,"대출이자",거래내역!$H$2:$H$5000,설정!$B$5) -> 0 | I12: =SUMIFS(거래내역!$D$2:$D$5000,거래내역!$B$2:$B$5000,I$3,거래내역!$E$2:$E$5000,"대출이자",거래내역!$H$2:$H$5000,설정!$B$5) -> 0 | ... M12: =SUMIFS(거래내역!$D$2:$D$5000,거래내역!$B$2:$B$5000,M$3,거래내역!$E$2:$E$5000,"대출이자",거래내역!$H$2:$H$5000,설정!$B$5) -> 0 | N12: =SUM(B12:M12) -> 0 | O12: =N12/12 -> 0 | P12: =AVERAGE(K12:M12) -> 0
A13: 보험료 | B13: =SUMIFS(거래내역!$D$2:$D$5000,거래내역!$B$2:$B$5000,B$3,거래내역!$E$2:$E$5000,"보험료",거래내역!$H$2:$H$5000,설정!$B$5) -> 0 | C13: =SUMIFS(거래내역!$D$2:$D$5000,거래내역!$B$2:$B$5000,C$3,거래내역!$E$2:$E$5000,"보험료",거래내역!$H$2:$H$5000,설정!$B$5) -> 0 | D13: =SUMIFS(거래내역!$D$2:$D$5000,거래내역!$B$2:$B$5000,D$3,거래내역!$E$2:$E$5000,"보험료",거래내역!$H$2:$H$5000,설정!$B$5) -> 0 | E13: =SUMIFS(거래내역!$D$2:$D$5000,거래내역!$B$2:$B$5000,E$3,거래내역!$E$2:$E$5000,"보험료",거래내역!$H$2:$H$5000,설정!$B$5) -> 0 | F13: =SUMIFS(거래내역!$D$2:$D$5000,거래내역!$B$2:$B$5000,F$3,거래내역!$E$2:$E$5000,"보험료",거래내역!$H$2:$H$5000,설정!$B$5) -> 0 | G13: =SUMIFS(거래내역!$D$2:$D$5000,거래내역!$B$2:$B$5000,G$3,거래내역!$E$2:$E$5000,"보험료",거래내역!$H$2:$H$5000,설정!$B$5) -> 0 | H13: =SUMIFS(거래내역!$D$2:$D$5000,거래내역!$B$2:$B$5000,H$3,거래내역!$E$2:$E$5000,"보험료",거래내역!$H$2:$H$5000,설정!$B$5) -> 0 | I13: =SUMIFS(거래내역!$D$2:$D$5000,거래내역!$B$2:$B$5000,I$3,거래내역!$E$2:$E$5000,"보험료",거래내역!$H$2:$H$5000,설정!$B$5) -> 0 | ... M13: =SUMIFS(거래내역!$D$2:$D$5000,거래내역!$B$2:$B$5000,M$3,거래내역!$E$2:$E$5000,"보험료",거래내역!$H$2:$H$5000,설정!$B$5) -> 0 | N13: =SUM(B13:M13) -> 0 | O13: =N13/12 -> 0 | P13: =AVERAGE(K13:M13) -> 0
A14: 통신비 | B14: =SUMIFS(거래내역!$D$2:$D$5000,거래내역!$B$2:$B$5000,B$3,거래내역!$E$2:$E$5000,"통신비",거래내역!$H$2:$H$5000,설정!$B$5) -> 0 | C14: =SUMIFS(거래내역!$D$2:$D$5000,거래내역!$B$2:$B$5000,C$3,거래내역!$E$2:$E$5000,"통신비",거래내역!$H$2:$H$5000,설정!$B$5) -> 0 | D14: =SUMIFS(거래내역!$D$2:$D$5000,거래내역!$B$2:$B$5000,D$3,거래내역!$E$2:$E$5000,"통신비",거래내역!$H$2:$H$5000,설정!$B$5) -> 0 | E14: =SUMIFS(거래내역!$D$2:$D$5000,거래내역!$B$2:$B$5000,E$3,거래내역!$E$2:$E$5000,"통신비",거래내역!$H$2:$H$5000,설정!$B$5) -> 0 | F14: =SUMIFS(거래내역!$D$2:$D$5000,거래내역!$B$2:$B$5000,F$3,거래내역!$E$2:$E$5000,"통신비",거래내역!$H$2:$H$5000,설정!$B$5) -> 0 | G14: =SUMIFS(거래내역!$D$2:$D$5000,거래내역!$B$2:$B$5000,G$3,거래내역!$E$2:$E$5000,"통신비",거래내역!$H$2:$H$5000,설정!$B$5) -> 0 | H14: =SUMIFS(거래내역!$D$2:$D$5000,거래내역!$B$2:$B$5000,H$3,거래내역!$E$2:$E$5000,"통신비",거래내역!$H$2:$H$5000,설정!$B$5) -> 0 | I14: =SUMIFS(거래내역!$D$2:$D$5000,거래내역!$B$2:$B$5000,I$3,거래내역!$E$2:$E$5000,"통신비",거래내역!$H$2:$H$5000,설정!$B$5) -> 0 | ... M14: =SUMIFS(거래내역!$D$2:$D$5000,거래내역!$B$2:$B$5000,M$3,거래내역!$E$2:$E$5000,"통신비",거래내역!$H$2:$H$5000,설정!$B$5) -> 0 | N14: =SUM(B14:M14) -> 0 | O14: =N14/12 -> 0 | P14: =AVERAGE(K14:M14) -> 0
A15: 교육비 | B15: =SUMIFS(거래내역!$D$2:$D$5000,거래내역!$B$2:$B$5000,B$3,거래내역!$E$2:$E$5000,"교육비",거래내역!$H$2:$H$5000,설정!$B$5) -> 0 | C15: =SUMIFS(거래내역!$D$2:$D$5000,거래내역!$B$2:$B$5000,C$3,거래내역!$E$2:$E$5000,"교육비",거래내역!$H$2:$H$5000,설정!$B$5) -> 0 | D15: =SUMIFS(거래내역!$D$2:$D$5000,거래내역!$B$2:$B$5000,D$3,거래내역!$E$2:$E$5000,"교육비",거래내역!$H$2:$H$5000,설정!$B$5) -> 0 | E15: =SUMIFS(거래내역!$D$2:$D$5000,거래내역!$B$2:$B$5000,E$3,거래내역!$E$2:$E$5000,"교육비",거래내역!$H$2:$H$5000,설정!$B$5) -> 0 | F15: =SUMIFS(거래내역!$D$2:$D$5000,거래내역!$B$2:$B$5000,F$3,거래내역!$E$2:$E$5000,"교육비",거래내역!$H$2:$H$5000,설정!$B$5) -> 0 | G15: =SUMIFS(거래내역!$D$2:$D$5000,거래내역!$B$2:$B$5000,G$3,거래내역!$E$2:$E$5000,"교육비",거래내역!$H$2:$H$5000,설정!$B$5) -> 0 | H15: =SUMIFS(거래내역!$D$2:$D$5000,거래내역!$B$2:$B$5000,H$3,거래내역!$E$2:$E$5000,"교육비",거래내역!$H$2:$H$5000,설정!$B$5) -> 0 | I15: =SUMIFS(거래내역!$D$2:$D$5000,거래내역!$B$2:$B$5000,I$3,거래내역!$E$2:$E$5000,"교육비",거래내역!$H$2:$H$5000,설정!$B$5) -> 0 | ... M15: =SUMIFS(거래내역!$D$2:$D$5000,거래내역!$B$2:$B$5000,M$3,거래내역!$E$2:$E$5000,"교육비",거래내역!$H$2:$H$5000,설정!$B$5) -> 0 | N15: =SUM(B15:M15) -> 0 | O15: =N15/12 -> 0 | P15: =AVERAGE(K15:M15) -> 0
A16: 구독료 | B16: =SUMIFS(거래내역!$D$2:$D$5000,거래내역!$B$2:$B$5000,B$3,거래내역!$E$2:$E$5000,"구독료",거래내역!$H$2:$H$5000,설정!$B$5) -> 0 | C16: =SUMIFS(거래내역!$D$2:$D$5000,거래내역!$B$2:$B$5000,C$3,거래내역!$E$2:$E$5000,"구독료",거래내역!$H$2:$H$5000,설정!$B$5) -> 0 | D16: =SUMIFS(거래내역!$D$2:$D$5000,거래내역!$B$2:$B$5000,D$3,거래내역!$E$2:$E$5000,"구독료",거래내역!$H$2:$H$5000,설정!$B$5) -> 0 | E16: =SUMIFS(거래내역!$D$2:$D$5000,거래내역!$B$2:$B$5000,E$3,거래내역!$E$2:$E$5000,"구독료",거래내역!$H$2:$H$5000,설정!$B$5) -> 0 | F16: =SUMIFS(거래내역!$D$2:$D$5000,거래내역!$B$2:$B$5000,F$3,거래내역!$E$2:$E$5000,"구독료",거래내역!$H$2:$H$5000,설정!$B$5) -> 0 | G16: =SUMIFS(거래내역!$D$2:$D$5000,거래내역!$B$2:$B$5000,G$3,거래내역!$E$2:$E$5000,"구독료",거래내역!$H$2:$H$5000,설정!$B$5) -> 0 | H16: =SUMIFS(거래내역!$D$2:$D$5000,거래내역!$B$2:$B$5000,H$3,거래내역!$E$2:$E$5000,"구독료",거래내역!$H$2:$H$5000,설정!$B$5) -> 0 | I16: =SUMIFS(거래내역!$D$2:$D$5000,거래내역!$B$2:$B$5000,I$3,거래내역!$E$2:$E$5000,"구독료",거래내역!$H$2:$H$5000,설정!$B$5) -> 0 | ... M16: =SUMIFS(거래내역!$D$2:$D$5000,거래내역!$B$2:$B$5000,M$3,거래내역!$E$2:$E$5000,"구독료",거래내역!$H$2:$H$5000,설정!$B$5) -> 0 | N16: =SUM(B16:M16) -> 0 | O16: =N16/12 -> 0 | P16: =AVERAGE(K16:M16) -> 0
A17: 고정비 합계 | B17: =SUMIFS(거래내역!$D$2:$D$5000,거래내역!$B$2:$B$5000,B$3,거래내역!$F$2:$F$5000,"고정비",거래내역!$H$2:$H$5000,설정!$B$5) -> 0 | C17: =SUMIFS(거래내역!$D$2:$D$5000,거래내역!$B$2:$B$5000,C$3,거래내역!$F$2:$F$5000,"고정비",거래내역!$H$2:$H$5000,설정!$B$5) -> 0 | D17: =SUMIFS(거래내역!$D$2:$D$5000,거래내역!$B$2:$B$5000,D$3,거래내역!$F$2:$F$5000,"고정비",거래내역!$H$2:$H$5000,설정!$B$5) -> 0 | E17: =SUMIFS(거래내역!$D$2:$D$5000,거래내역!$B$2:$B$5000,E$3,거래내역!$F$2:$F$5000,"고정비",거래내역!$H$2:$H$5000,설정!$B$5) -> 0 | F17: =SUMIFS(거래내역!$D$2:$D$5000,거래내역!$B$2:$B$5000,F$3,거래내역!$F$2:$F$5000,"고정비",거래내역!$H$2:$H$5000,설정!$B$5) -> 0 | G17: =SUMIFS(거래내역!$D$2:$D$5000,거래내역!$B$2:$B$5000,G$3,거래내역!$F$2:$F$5000,"고정비",거래내역!$H$2:$H$5000,설정!$B$5) -> 0 | H17: =SUMIFS(거래내역!$D$2:$D$5000,거래내역!$B$2:$B$5000,H$3,거래내역!$F$2:$F$5000,"고정비",거래내역!$H$2:$H$5000,설정!$B$5) -> 0 | I17: =SUMIFS(거래내역!$D$2:$D$5000,거래내역!$B$2:$B$5000,I$3,거래내역!$F$2:$F$5000,"고정비",거래내역!$H$2:$H$5000,설정!$B$5) -> 0 | ... M17: =SUMIFS(거래내역!$D$2:$D$5000,거래내역!$B$2:$B$5000,M$3,거래내역!$F$2:$F$5000,"고정비",거래내역!$H$2:$H$5000,설정!$B$5) -> 0 | N17: =SUM(B17:M17) -> 0 | O17: =N17/12 -> 0 | P17: =AVERAGE(K17:M17) -> 0
A18: [변동비]
A19: 식비 | B19: =SUMIFS(거래내역!$D$2:$D$5000,거래내역!$B$2:$B$5000,B$3,거래내역!$E$2:$E$5000,"식비",거래내역!$H$2:$H$5000,설정!$B$5) -> 0 | C19: =SUMIFS(거래내역!$D$2:$D$5000,거래내역!$B$2:$B$5000,C$3,거래내역!$E$2:$E$5000,"식비",거래내역!$H$2:$H$5000,설정!$B$5) -> 0 | D19: =SUMIFS(거래내역!$D$2:$D$5000,거래내역!$B$2:$B$5000,D$3,거래내역!$E$2:$E$5000,"식비",거래내역!$H$2:$H$5000,설정!$B$5) -> 0 | E19: =SUMIFS(거래내역!$D$2:$D$5000,거래내역!$B$2:$B$5000,E$3,거래내역!$E$2:$E$5000,"식비",거래내역!$H$2:$H$5000,설정!$B$5) -> 0 | F19: =SUMIFS(거래내역!$D$2:$D$5000,거래내역!$B$2:$B$5000,F$3,거래내역!$E$2:$E$5000,"식비",거래내역!$H$2:$H$5000,설정!$B$5) -> 0 | G19: =SUMIFS(거래내역!$D$2:$D$5000,거래내역!$B$2:$B$5000,G$3,거래내역!$E$2:$E$5000,"식비",거래내역!$H$2:$H$5000,설정!$B$5) -> 0 | H19: =SUMIFS(거래내역!$D$2:$D$5000,거래내역!$B$2:$B$5000,H$3,거래내역!$E$2:$E$5000,"식비",거래내역!$H$2:$H$5000,설정!$B$5) -> 0 | I19: =SUMIFS(거래내역!$D$2:$D$5000,거래내역!$B$2:$B$5000,I$3,거래내역!$E$2:$E$5000,"식비",거래내역!$H$2:$H$5000,설정!$B$5) -> 0 | ... M19: =SUMIFS(거래내역!$D$2:$D$5000,거래내역!$B$2:$B$5000,M$3,거래내역!$E$2:$E$5000,"식비",거래내역!$H$2:$H$5000,설정!$B$5) -> 0 | N19: =SUM(B19:M19) -> 0 | O19: =N19/12 -> 0 | P19: =AVERAGE(K19:M19) -> 0
A20: 외식 | B20: =SUMIFS(거래내역!$D$2:$D$5000,거래내역!$B$2:$B$5000,B$3,거래내역!$E$2:$E$5000,"외식",거래내역!$H$2:$H$5000,설정!$B$5) -> 0 | C20: =SUMIFS(거래내역!$D$2:$D$5000,거래내역!$B$2:$B$5000,C$3,거래내역!$E$2:$E$5000,"외식",거래내역!$H$2:$H$5000,설정!$B$5) -> 0 | D20: =SUMIFS(거래내역!$D$2:$D$5000,거래내역!$B$2:$B$5000,D$3,거래내역!$E$2:$E$5000,"외식",거래내역!$H$2:$H$5000,설정!$B$5) -> 0 | E20: =SUMIFS(거래내역!$D$2:$D$5000,거래내역!$B$2:$B$5000,E$3,거래내역!$E$2:$E$5000,"외식",거래내역!$H$2:$H$5000,설정!$B$5) -> 0 | F20: =SUMIFS(거래내역!$D$2:$D$5000,거래내역!$B$2:$B$5000,F$3,거래내역!$E$2:$E$5000,"외식",거래내역!$H$2:$H$5000,설정!$B$5) -> 0 | G20: =SUMIFS(거래내역!$D$2:$D$5000,거래내역!$B$2:$B$5000,G$3,거래내역!$E$2:$E$5000,"외식",거래내역!$H$2:$H$5000,설정!$B$5) -> 0 | H20: =SUMIFS(거래내역!$D$2:$D$5000,거래내역!$B$2:$B$5000,H$3,거래내역!$E$2:$E$5000,"외식",거래내역!$H$2:$H$5000,설정!$B$5) -> 0 | I20: =SUMIFS(거래내역!$D$2:$D$5000,거래내역!$B$2:$B$5000,I$3,거래내역!$E$2:$E$5000,"외식",거래내역!$H$2:$H$5000,설정!$B$5) -> 0 | ... M20: =SUMIFS(거래내역!$D$2:$D$5000,거래내역!$B$2:$B$5000,M$3,거래내역!$E$2:$E$5000,"외식",거래내역!$H$2:$H$5000,설정!$B$5) -> 0 | N20: =SUM(B20:M20) -> 0 | O20: =N20/12 -> 0 | P20: =AVERAGE(K20:M20) -> 0
A21: 생활용품 | B21: =SUMIFS(거래내역!$D$2:$D$5000,거래내역!$B$2:$B$5000,B$3,거래내역!$E$2:$E$5000,"생활용품",거래내역!$H$2:$H$5000,설정!$B$5) -> 0 | C21: =SUMIFS(거래내역!$D$2:$D$5000,거래내역!$B$2:$B$5000,C$3,거래내역!$E$2:$E$5000,"생활용품",거래내역!$H$2:$H$5000,설정!$B$5) -> 0 | D21: =SUMIFS(거래내역!$D$2:$D$5000,거래내역!$B$2:$B$5000,D$3,거래내역!$E$2:$E$5000,"생활용품",거래내역!$H$2:$H$5000,설정!$B$5) -> 0 | E21: =SUMIFS(거래내역!$D$2:$D$5000,거래내역!$B$2:$B$5000,E$3,거래내역!$E$2:$E$5000,"생활용품",거래내역!$H$2:$H$5000,설정!$B$5) -> 0 | F21: =SUMIFS(거래내역!$D$2:$D$5000,거래내역!$B$2:$B$5000,F$3,거래내역!$E$2:$E$5000,"생활용품",거래내역!$H$2:$H$5000,설정!$B$5) -> 0 | G21: =SUMIFS(거래내역!$D$2:$D$5000,거래내역!$B$2:$B$5000,G$3,거래내역!$E$2:$E$5000,"생활용품",거래내역!$H$2:$H$5000,설정!$B$5) -> 0 | H21: =SUMIFS(거래내역!$D$2:$D$5000,거래내역!$B$2:$B$5000,H$3,거래내역!$E$2:$E$5000,"생활용품",거래내역!$H$2:$H$5000,설정!$B$5) -> 0 | I21: =SUMIFS(거래내역!$D$2:$D$5000,거래내역!$B$2:$B$5000,I$3,거래내역!$E$2:$E$5000,"생활용품",거래내역!$H$2:$H$5000,설정!$B$5) -> 0 | ... M21: =SUMIFS(거래내역!$D$2:$D$5000,거래내역!$B$2:$B$5000,M$3,거래내역!$E$2:$E$5000,"생활용품",거래내역!$H$2:$H$5000,설정!$B$5) -> 0 | N21: =SUM(B21:M21) -> 0 | O21: =N21/12 -> 0 | P21: =AVERAGE(K21:M21) -> 0
A22: 교통 | B22: =SUMIFS(거래내역!$D$2:$D$5000,거래내역!$B$2:$B$5000,B$3,거래내역!$E$2:$E$5000,"교통",거래내역!$H$2:$H$5000,설정!$B$5) -> 0 | C22: =SUMIFS(거래내역!$D$2:$D$5000,거래내역!$B$2:$B$5000,C$3,거래내역!$E$2:$E$5000,"교통",거래내역!$H$2:$H$5000,설정!$B$5) -> 0 | D22: =SUMIFS(거래내역!$D$2:$D$5000,거래내역!$B$2:$B$5000,D$3,거래내역!$E$2:$E$5000,"교통",거래내역!$H$2:$H$5000,설정!$B$5) -> 0 | E22: =SUMIFS(거래내역!$D$2:$D$5000,거래내역!$B$2:$B$5000,E$3,거래내역!$E$2:$E$5000,"교통",거래내역!$H$2:$H$5000,설정!$B$5) -> 0 | F22: =SUMIFS(거래내역!$D$2:$D$5000,거래내역!$B$2:$B$5000,F$3,거래내역!$E$2:$E$5000,"교통",거래내역!$H$2:$H$5000,설정!$B$5) -> 0 | G22: =SUMIFS(거래내역!$D$2:$D$5000,거래내역!$B$2:$B$5000,G$3,거래내역!$E$2:$E$5000,"교통",거래내역!$H$2:$H$5000,설정!$B$5) -> 0 | H22: =SUMIFS(거래내역!$D$2:$D$5000,거래내역!$B$2:$B$5000,H$3,거래내역!$E$2:$E$5000,"교통",거래내역!$H$2:$H$5000,설정!$B$5) -> 0 | I22: =SUMIFS(거래내역!$D$2:$D$5000,거래내역!$B$2:$B$5000,I$3,거래내역!$E$2:$E$5000,"교통",거래내역!$H$2:$H$5000,설정!$B$5) -> 0 | ... M22: =SUMIFS(거래내역!$D$2:$D$5000,거래내역!$B$2:$B$5000,M$3,거래내역!$E$2:$E$5000,"교통",거래내역!$H$2:$H$5000,설정!$B$5) -> 0 | N22: =SUM(B22:M22) -> 0 | O22: =N22/12 -> 0 | P22: =AVERAGE(K22:M22) -> 0
A23: 쇼핑 | B23: =SUMIFS(거래내역!$D$2:$D$5000,거래내역!$B$2:$B$5000,B$3,거래내역!$E$2:$E$5000,"쇼핑",거래내역!$H$2:$H$5000,설정!$B$5) -> 0 | C23: =SUMIFS(거래내역!$D$2:$D$5000,거래내역!$B$2:$B$5000,C$3,거래내역!$E$2:$E$5000,"쇼핑",거래내역!$H$2:$H$5000,설정!$B$5) -> 0 | D23: =SUMIFS(거래내역!$D$2:$D$5000,거래내역!$B$2:$B$5000,D$3,거래내역!$E$2:$E$5000,"쇼핑",거래내역!$H$2:$H$5000,설정!$B$5) -> 0 | E23: =SUMIFS(거래내역!$D$2:$D$5000,거래내역!$B$2:$B$5000,E$3,거래내역!$E$2:$E$5000,"쇼핑",거래내역!$H$2:$H$5000,설정!$B$5) -> 0 | F23: =SUMIFS(거래내역!$D$2:$D$5000,거래내역!$B$2:$B$5000,F$3,거래내역!$E$2:$E$5000,"쇼핑",거래내역!$H$2:$H$5000,설정!$B$5) -> 0 | G23: =SUMIFS(거래내역!$D$2:$D$5000,거래내역!$B$2:$B$5000,G$3,거래내역!$E$2:$E$5000,"쇼핑",거래내역!$H$2:$H$5000,설정!$B$5) -> 0 | H23: =SUMIFS(거래내역!$D$2:$D$5000,거래내역!$B$2:$B$5000,H$3,거래내역!$E$2:$E$5000,"쇼핑",거래내역!$H$2:$H$5000,설정!$B$5) -> 0 | I23: =SUMIFS(거래내역!$D$2:$D$5000,거래내역!$B$2:$B$5000,I$3,거래내역!$E$2:$E$5000,"쇼핑",거래내역!$H$2:$H$5000,설정!$B$5) -> 0 | ... M23: =SUMIFS(거래내역!$D$2:$D$5000,거래내역!$B$2:$B$5000,M$3,거래내역!$E$2:$E$5000,"쇼핑",거래내역!$H$2:$H$5000,설정!$B$5) -> 0 | N23: =SUM(B23:M23) -> 0 | O23: =N23/12 -> 0 | P23: =AVERAGE(K23:M23) -> 0
A24: 의료 | B24: =SUMIFS(거래내역!$D$2:$D$5000,거래내역!$B$2:$B$5000,B$3,거래내역!$E$2:$E$5000,"의료",거래내역!$H$2:$H$5000,설정!$B$5) -> 0 | C24: =SUMIFS(거래내역!$D$2:$D$5000,거래내역!$B$2:$B$5000,C$3,거래내역!$E$2:$E$5000,"의료",거래내역!$H$2:$H$5000,설정!$B$5) -> 0 | D24: =SUMIFS(거래내역!$D$2:$D$5000,거래내역!$B$2:$B$5000,D$3,거래내역!$E$2:$E$5000,"의료",거래내역!$H$2:$H$5000,설정!$B$5) -> 0 | E24: =SUMIFS(거래내역!$D$2:$D$5000,거래내역!$B$2:$B$5000,E$3,거래내역!$E$2:$E$5000,"의료",거래내역!$H$2:$H$5000,설정!$B$5) -> 0 | F24: =SUMIFS(거래내역!$D$2:$D$5000,거래내역!$B$2:$B$5000,F$3,거래내역!$E$2:$E$5000,"의료",거래내역!$H$2:$H$5000,설정!$B$5) -> 0 | G24: =SUMIFS(거래내역!$D$2:$D$5000,거래내역!$B$2:$B$5000,G$3,거래내역!$E$2:$E$5000,"의료",거래내역!$H$2:$H$5000,설정!$B$5) -> 0 | H24: =SUMIFS(거래내역!$D$2:$D$5000,거래내역!$B$2:$B$5000,H$3,거래내역!$E$2:$E$5000,"의료",거래내역!$H$2:$H$5000,설정!$B$5) -> 0 | I24: =SUMIFS(거래내역!$D$2:$D$5000,거래내역!$B$2:$B$5000,I$3,거래내역!$E$2:$E$5000,"의료",거래내역!$H$2:$H$5000,설정!$B$5) -> 0 | ... M24: =SUMIFS(거래내역!$D$2:$D$5000,거래내역!$B$2:$B$5000,M$3,거래내역!$E$2:$E$5000,"의료",거래내역!$H$2:$H$5000,설정!$B$5) -> 0 | N24: =SUM(B24:M24) -> 0 | O24: =N24/12 -> 0 | P24: =AVERAGE(K24:M24) -> 0
A25: 여가 | B25: =SUMIFS(거래내역!$D$2:$D$5000,거래내역!$B$2:$B$5000,B$3,거래내역!$E$2:$E$5000,"여가",거래내역!$H$2:$H$5000,설정!$B$5) -> 0 | C25: =SUMIFS(거래내역!$D$2:$D$5000,거래내역!$B$2:$B$5000,C$3,거래내역!$E$2:$E$5000,"여가",거래내역!$H$2:$H$5000,설정!$B$5) -> 0 | D25: =SUMIFS(거래내역!$D$2:$D$5000,거래내역!$B$2:$B$5000,D$3,거래내역!$E$2:$E$5000,"여가",거래내역!$H$2:$H$5000,설정!$B$5) -> 0 | E25: =SUMIFS(거래내역!$D$2:$D$5000,거래내역!$B$2:$B$5000,E$3,거래내역!$E$2:$E$5000,"여가",거래내역!$H$2:$H$5000,설정!$B$5) -> 0 | F25: =SUMIFS(거래내역!$D$2:$D$5000,거래내역!$B$2:$B$5000,F$3,거래내역!$E$2:$E$5000,"여가",거래내역!$H$2:$H$5000,설정!$B$5) -> 0 | G25: =SUMIFS(거래내역!$D$2:$D$5000,거래내역!$B$2:$B$5000,G$3,거래내역!$E$2:$E$5000,"여가",거래내역!$H$2:$H$5000,설정!$B$5) -> 0 | H25: =SUMIFS(거래내역!$D$2:$D$5000,거래내역!$B$2:$B$5000,H$3,거래내역!$E$2:$E$5000,"여가",거래내역!$H$2:$H$5000,설정!$B$5) -> 0 | I25: =SUMIFS(거래내역!$D$2:$D$5000,거래내역!$B$2:$B$5000,I$3,거래내역!$E$2:$E$5000,"여가",거래내역!$H$2:$H$5000,설정!$B$5) -> 0 | ... M25: =SUMIFS(거래내역!$D$2:$D$5000,거래내역!$B$2:$B$5000,M$3,거래내역!$E$2:$E$5000,"여가",거래내역!$H$2:$H$5000,설정!$B$5) -> 0 | N25: =SUM(B25:M25) -> 0 | O25: =N25/12 -> 0 | P25: =AVERAGE(K25:M25) -> 0
A26: 용돈 | B26: =SUMIFS(거래내역!$D$2:$D$5000,거래내역!$B$2:$B$5000,B$3,거래내역!$E$2:$E$5000,"용돈",거래내역!$H$2:$H$5000,설정!$B$5) -> 0 | C26: =SUMIFS(거래내역!$D$2:$D$5000,거래내역!$B$2:$B$5000,C$3,거래내역!$E$2:$E$5000,"용돈",거래내역!$H$2:$H$5000,설정!$B$5) -> 0 | D26: =SUMIFS(거래내역!$D$2:$D$5000,거래내역!$B$2:$B$5000,D$3,거래내역!$E$2:$E$5000,"용돈",거래내역!$H$2:$H$5000,설정!$B$5) -> 0 | E26: =SUMIFS(거래내역!$D$2:$D$5000,거래내역!$B$2:$B$5000,E$3,거래내역!$E$2:$E$5000,"용돈",거래내역!$H$2:$H$5000,설정!$B$5) -> 0 | F26: =SUMIFS(거래내역!$D$2:$D$5000,거래내역!$B$2:$B$5000,F$3,거래내역!$E$2:$E$5000,"용돈",거래내역!$H$2:$H$5000,설정!$B$5) -> 0 | G26: =SUMIFS(거래내역!$D$2:$D$5000,거래내역!$B$2:$B$5000,G$3,거래내역!$E$2:$E$5000,"용돈",거래내역!$H$2:$H$5000,설정!$B$5) -> 0 | H26: =SUMIFS(거래내역!$D$2:$D$5000,거래내역!$B$2:$B$5000,H$3,거래내역!$E$2:$E$5000,"용돈",거래내역!$H$2:$H$5000,설정!$B$5) -> 0 | I26: =SUMIFS(거래내역!$D$2:$D$5000,거래내역!$B$2:$B$5000,I$3,거래내역!$E$2:$E$5000,"용돈",거래내역!$H$2:$H$5000,설정!$B$5) -> 0 | ... M26: =SUMIFS(거래내역!$D$2:$D$5000,거래내역!$B$2:$B$5000,M$3,거래내역!$E$2:$E$5000,"용돈",거래내역!$H$2:$H$5000,설정!$B$5) -> 0 | N26: =SUM(B26:M26) -> 0 | O26: =N26/12 -> 0 | P26: =AVERAGE(K26:M26) -> 0
A27: 변동비 합계 | B27: =SUMIFS(거래내역!$D$2:$D$5000,거래내역!$B$2:$B$5000,B$3,거래내역!$F$2:$F$5000,"변동비",거래내역!$H$2:$H$5000,설정!$B$5) -> 0 | C27: =SUMIFS(거래내역!$D$2:$D$5000,거래내역!$B$2:$B$5000,C$3,거래내역!$F$2:$F$5000,"변동비",거래내역!$H$2:$H$5000,설정!$B$5) -> 0 | D27: =SUMIFS(거래내역!$D$2:$D$5000,거래내역!$B$2:$B$5000,D$3,거래내역!$F$2:$F$5000,"변동비",거래내역!$H$2:$H$5000,설정!$B$5) -> 0 | E27: =SUMIFS(거래내역!$D$2:$D$5000,거래내역!$B$2:$B$5000,E$3,거래내역!$F$2:$F$5000,"변동비",거래내역!$H$2:$H$5000,설정!$B$5) -> 0 | F27: =SUMIFS(거래내역!$D$2:$D$5000,거래내역!$B$2:$B$5000,F$3,거래내역!$F$2:$F$5000,"변동비",거래내역!$H$2:$H$5000,설정!$B$5) -> 0 | G27: =SUMIFS(거래내역!$D$2:$D$5000,거래내역!$B$2:$B$5000,G$3,거래내역!$F$2:$F$5000,"변동비",거래내역!$H$2:$H$5000,설정!$B$5) -> 0 | H27: =SUMIFS(거래내역!$D$2:$D$5000,거래내역!$B$2:$B$5000,H$3,거래내역!$F$2:$F$5000,"변동비",거래내역!$H$2:$H$5000,설정!$B$5) -> 0 | I27: =SUMIFS(거래내역!$D$2:$D$5000,거래내역!$B$2:$B$5000,I$3,거래내역!$F$2:$F$5000,"변동비",거래내역!$H$2:$H$5000,설정!$B$5) -> 0 | ... M27: =SUMIFS(거래내역!$D$2:$D$5000,거래내역!$B$2:$B$5000,M$3,거래내역!$F$2:$F$5000,"변동비",거래내역!$H$2:$H$5000,설정!$B$5) -> 0 | N27: =SUM(B27:M27) -> 0 | O27: =N27/12 -> 0 | P27: =AVERAGE(K27:M27) -> 0
A28: [비정기비]
A29: 경조사 | B29: =SUMIFS(거래내역!$D$2:$D$5000,거래내역!$B$2:$B$5000,B$3,거래내역!$E$2:$E$5000,"경조사",거래내역!$H$2:$H$5000,설정!$B$5) -> 0 | C29: =SUMIFS(거래내역!$D$2:$D$5000,거래내역!$B$2:$B$5000,C$3,거래내역!$E$2:$E$5000,"경조사",거래내역!$H$2:$H$5000,설정!$B$5) -> 0 | D29: =SUMIFS(거래내역!$D$2:$D$5000,거래내역!$B$2:$B$5000,D$3,거래내역!$E$2:$E$5000,"경조사",거래내역!$H$2:$H$5000,설정!$B$5) -> 0 | E29: =SUMIFS(거래내역!$D$2:$D$5000,거래내역!$B$2:$B$5000,E$3,거래내역!$E$2:$E$5000,"경조사",거래내역!$H$2:$H$5000,설정!$B$5) -> 0 | F29: =SUMIFS(거래내역!$D$2:$D$5000,거래내역!$B$2:$B$5000,F$3,거래내역!$E$2:$E$5000,"경조사",거래내역!$H$2:$H$5000,설정!$B$5) -> 0 | G29: =SUMIFS(거래내역!$D$2:$D$5000,거래내역!$B$2:$B$5000,G$3,거래내역!$E$2:$E$5000,"경조사",거래내역!$H$2:$H$5000,설정!$B$5) -> 0 | H29: =SUMIFS(거래내역!$D$2:$D$5000,거래내역!$B$2:$B$5000,H$3,거래내역!$E$2:$E$5000,"경조사",거래내역!$H$2:$H$5000,설정!$B$5) -> 0 | I29: =SUMIFS(거래내역!$D$2:$D$5000,거래내역!$B$2:$B$5000,I$3,거래내역!$E$2:$E$5000,"경조사",거래내역!$H$2:$H$5000,설정!$B$5) -> 0 | ... M29: =SUMIFS(거래내역!$D$2:$D$5000,거래내역!$B$2:$B$5000,M$3,거래내역!$E$2:$E$5000,"경조사",거래내역!$H$2:$H$5000,설정!$B$5) -> 0 | N29: =SUM(B29:M29) -> 0 | O29: =N29/12 -> 0 | P29: =AVERAGE(K29:M29) -> 0
A30: 여행 | B30: =SUMIFS(거래내역!$D$2:$D$5000,거래내역!$B$2:$B$5000,B$3,거래내역!$E$2:$E$5000,"여행",거래내역!$H$2:$H$5000,설정!$B$5) -> 0 | C30: =SUMIFS(거래내역!$D$2:$D$5000,거래내역!$B$2:$B$5000,C$3,거래내역!$E$2:$E$5000,"여행",거래내역!$H$2:$H$5000,설정!$B$5) -> 0 | D30: =SUMIFS(거래내역!$D$2:$D$5000,거래내역!$B$2:$B$5000,D$3,거래내역!$E$2:$E$5000,"여행",거래내역!$H$2:$H$5000,설정!$B$5) -> 0 | E30: =SUMIFS(거래내역!$D$2:$D$5000,거래내역!$B$2:$B$5000,E$3,거래내역!$E$2:$E$5000,"여행",거래내역!$H$2:$H$5000,설정!$B$5) -> 0 | F30: =SUMIFS(거래내역!$D$2:$D$5000,거래내역!$B$2:$B$5000,F$3,거래내역!$E$2:$E$5000,"여행",거래내역!$H$2:$H$5000,설정!$B$5) -> 0 | G30: =SUMIFS(거래내역!$D$2:$D$5000,거래내역!$B$2:$B$5000,G$3,거래내역!$E$2:$E$5000,"여행",거래내역!$H$2:$H$5000,설정!$B$5) -> 0 | H30: =SUMIFS(거래내역!$D$2:$D$5000,거래내역!$B$2:$B$5000,H$3,거래내역!$E$2:$E$5000,"여행",거래내역!$H$2:$H$5000,설정!$B$5) -> 0 | I30: =SUMIFS(거래내역!$D$2:$D$5000,거래내역!$B$2:$B$5000,I$3,거래내역!$E$2:$E$5000,"여행",거래내역!$H$2:$H$5000,설정!$B$5) -> 0 | ... M30: =SUMIFS(거래내역!$D$2:$D$5000,거래내역!$B$2:$B$5000,M$3,거래내역!$E$2:$E$5000,"여행",거래내역!$H$2:$H$5000,설정!$B$5) -> 0 | N30: =SUM(B30:M30) -> 0 | O30: =N30/12 -> 0 | P30: =AVERAGE(K30:M30) -> 0
A31: 세금 | B31: =SUMIFS(거래내역!$D$2:$D$5000,거래내역!$B$2:$B$5000,B$3,거래내역!$E$2:$E$5000,"세금",거래내역!$H$2:$H$5000,설정!$B$5) -> 0 | C31: =SUMIFS(거래내역!$D$2:$D$5000,거래내역!$B$2:$B$5000,C$3,거래내역!$E$2:$E$5000,"세금",거래내역!$H$2:$H$5000,설정!$B$5) -> 0 | D31: =SUMIFS(거래내역!$D$2:$D$5000,거래내역!$B$2:$B$5000,D$3,거래내역!$E$2:$E$5000,"세금",거래내역!$H$2:$H$5000,설정!$B$5) -> 0 | E31: =SUMIFS(거래내역!$D$2:$D$5000,거래내역!$B$2:$B$5000,E$3,거래내역!$E$2:$E$5000,"세금",거래내역!$H$2:$H$5000,설정!$B$5) -> 0 | F31: =SUMIFS(거래내역!$D$2:$D$5000,거래내역!$B$2:$B$5000,F$3,거래내역!$E$2:$E$5000,"세금",거래내역!$H$2:$H$5000,설정!$B$5) -> 0 | G31: =SUMIFS(거래내역!$D$2:$D$5000,거래내역!$B$2:$B$5000,G$3,거래내역!$E$2:$E$5000,"세금",거래내역!$H$2:$H$5000,설정!$B$5) -> 0 | H31: =SUMIFS(거래내역!$D$2:$D$5000,거래내역!$B$2:$B$5000,H$3,거래내역!$E$2:$E$5000,"세금",거래내역!$H$2:$H$5000,설정!$B$5) -> 0 | I31: =SUMIFS(거래내역!$D$2:$D$5000,거래내역!$B$2:$B$5000,I$3,거래내역!$E$2:$E$5000,"세금",거래내역!$H$2:$H$5000,설정!$B$5) -> 0 | ... M31: =SUMIFS(거래내역!$D$2:$D$5000,거래내역!$B$2:$B$5000,M$3,거래내역!$E$2:$E$5000,"세금",거래내역!$H$2:$H$5000,설정!$B$5) -> 0 | N31: =SUM(B31:M31) -> 0 | O31: =N31/12 -> 0 | P31: =AVERAGE(K31:M31) -> 0
A32: 명절 | B32: =SUMIFS(거래내역!$D$2:$D$5000,거래내역!$B$2:$B$5000,B$3,거래내역!$E$2:$E$5000,"명절",거래내역!$H$2:$H$5000,설정!$B$5) -> 0 | C32: =SUMIFS(거래내역!$D$2:$D$5000,거래내역!$B$2:$B$5000,C$3,거래내역!$E$2:$E$5000,"명절",거래내역!$H$2:$H$5000,설정!$B$5) -> 0 | D32: =SUMIFS(거래내역!$D$2:$D$5000,거래내역!$B$2:$B$5000,D$3,거래내역!$E$2:$E$5000,"명절",거래내역!$H$2:$H$5000,설정!$B$5) -> 0 | E32: =SUMIFS(거래내역!$D$2:$D$5000,거래내역!$B$2:$B$5000,E$3,거래내역!$E$2:$E$5000,"명절",거래내역!$H$2:$H$5000,설정!$B$5) -> 0 | F32: =SUMIFS(거래내역!$D$2:$D$5000,거래내역!$B$2:$B$5000,F$3,거래내역!$E$2:$E$5000,"명절",거래내역!$H$2:$H$5000,설정!$B$5) -> 0 | G32: =SUMIFS(거래내역!$D$2:$D$5000,거래내역!$B$2:$B$5000,G$3,거래내역!$E$2:$E$5000,"명절",거래내역!$H$2:$H$5000,설정!$B$5) -> 0 | H32: =SUMIFS(거래내역!$D$2:$D$5000,거래내역!$B$2:$B$5000,H$3,거래내역!$E$2:$E$5000,"명절",거래내역!$H$2:$H$5000,설정!$B$5) -> 0 | I32: =SUMIFS(거래내역!$D$2:$D$5000,거래내역!$B$2:$B$5000,I$3,거래내역!$E$2:$E$5000,"명절",거래내역!$H$2:$H$5000,설정!$B$5) -> 0 | ... M32: =SUMIFS(거래내역!$D$2:$D$5000,거래내역!$B$2:$B$5000,M$3,거래내역!$E$2:$E$5000,"명절",거래내역!$H$2:$H$5000,설정!$B$5) -> 0 | N32: =SUM(B32:M32) -> 0 | O32: =N32/12 -> 0 | P32: =AVERAGE(K32:M32) -> 0
A33: 비정기비 합계 | B33: =SUMIFS(거래내역!$D$2:$D$5000,거래내역!$B$2:$B$5000,B$3,거래내역!$F$2:$F$5000,"비정기비",거래내역!$H$2:$H$5000,설정!$B$5) -> 0 | C33: =SUMIFS(거래내역!$D$2:$D$5000,거래내역!$B$2:$B$5000,C$3,거래내역!$F$2:$F$5000,"비정기비",거래내역!$H$2:$H$5000,설정!$B$5) -> 0 | D33: =SUMIFS(거래내역!$D$2:$D$5000,거래내역!$B$2:$B$5000,D$3,거래내역!$F$2:$F$5000,"비정기비",거래내역!$H$2:$H$5000,설정!$B$5) -> 0 | E33: =SUMIFS(거래내역!$D$2:$D$5000,거래내역!$B$2:$B$5000,E$3,거래내역!$F$2:$F$5000,"비정기비",거래내역!$H$2:$H$5000,설정!$B$5) -> 0 | F33: =SUMIFS(거래내역!$D$2:$D$5000,거래내역!$B$2:$B$5000,F$3,거래내역!$F$2:$F$5000,"비정기비",거래내역!$H$2:$H$5000,설정!$B$5) -> 0 | G33: =SUMIFS(거래내역!$D$2:$D$5000,거래내역!$B$2:$B$5000,G$3,거래내역!$F$2:$F$5000,"비정기비",거래내역!$H$2:$H$5000,설정!$B$5) -> 0 | H33: =SUMIFS(거래내역!$D$2:$D$5000,거래내역!$B$2:$B$5000,H$3,거래내역!$F$2:$F$5000,"비정기비",거래내역!$H$2:$H$5000,설정!$B$5) -> 0 | I33: =SUMIFS(거래내역!$D$2:$D$5000,거래내역!$B$2:$B$5000,I$3,거래내역!$F$2:$F$5000,"비정기비",거래내역!$H$2:$H$5000,설정!$B$5) -> 0 | ... M33: =SUMIFS(거래내역!$D$2:$D$5000,거래내역!$B$2:$B$5000,M$3,거래내역!$F$2:$F$5000,"비정기비",거래내역!$H$2:$H$5000,설정!$B$5) -> 0 | N33: =SUM(B33:M33) -> 0 | O33: =N33/12 -> 0 | P33: =AVERAGE(K33:M33) -> 0
A35: 소비지출 합계 | B35: =B17+B27+B33 -> 0 | C35: =C17+C27+C33 -> 0 | D35: =D17+D27+D33 -> 0 | E35: =E17+E27+E33 -> 0 | F35: =F17+F27+F33 -> 0 | G35: =G17+G27+G33 -> 0 | H35: =H17+H27+H33 -> 0 | I35: =I17+I27+I33 -> 0 | ... P35: =P17+P27+P33 -> 0
A36: 잉여 (소득-소비지출) | B36: =B9-B35 -> 0 | C36: =C9-C35 -> 0 | D36: =D9-D35 -> 0 | E36: =E9-E35 -> 0 | F36: =F9-F35 -> 0 | G36: =G9-G35 -> 0 | H36: =H9-H35 -> 0 | I36: =I9-I35 -> 0 | ... P36: =P9-P35 -> 0
A37: 저축률 | B37: =IF(B9=0,0,B36/B9) -> 0 | C37: =IF(C9=0,0,C36/C9) -> 0 | D37: =IF(D9=0,0,D36/D9) -> 0 | E37: =IF(E9=0,0,E36/E9) -> 0 | F37: =IF(F9=0,0,F36/F9) -> 0 | G37: =IF(G9=0,0,G36/G9) -> 0 | H37: =IF(H9=0,0,H36/H9) -> 0 | I37: =IF(I9=0,0,I36/I9) -> 0 | ... P37: =IF(P9=0,0,P36/P9) -> 0
A39: [자본이동]
A40: 투자이체 | B40: =SUMIFS(거래내역!$D$2:$D$5000,거래내역!$B$2:$B$5000,B$3,거래내역!$E$2:$E$5000,"투자이체",거래내역!$H$2:$H$5000,설정!$B$5) -> 0 | C40: =SUMIFS(거래내역!$D$2:$D$5000,거래내역!$B$2:$B$5000,C$3,거래내역!$E$2:$E$5000,"투자이체",거래내역!$H$2:$H$5000,설정!$B$5) -> 0 | D40: =SUMIFS(거래내역!$D$2:$D$5000,거래내역!$B$2:$B$5000,D$3,거래내역!$E$2:$E$5000,"투자이체",거래내역!$H$2:$H$5000,설정!$B$5) -> 0 | E40: =SUMIFS(거래내역!$D$2:$D$5000,거래내역!$B$2:$B$5000,E$3,거래내역!$E$2:$E$5000,"투자이체",거래내역!$H$2:$H$5000,설정!$B$5) -> 0 | F40: =SUMIFS(거래내역!$D$2:$D$5000,거래내역!$B$2:$B$5000,F$3,거래내역!$E$2:$E$5000,"투자이체",거래내역!$H$2:$H$5000,설정!$B$5) -> 0 | G40: =SUMIFS(거래내역!$D$2:$D$5000,거래내역!$B$2:$B$5000,G$3,거래내역!$E$2:$E$5000,"투자이체",거래내역!$H$2:$H$5000,설정!$B$5) -> 0 | H40: =SUMIFS(거래내역!$D$2:$D$5000,거래내역!$B$2:$B$5000,H$3,거래내역!$E$2:$E$5000,"투자이체",거래내역!$H$2:$H$5000,설정!$B$5) -> 0 | I40: =SUMIFS(거래내역!$D$2:$D$5000,거래내역!$B$2:$B$5000,I$3,거래내역!$E$2:$E$5000,"투자이체",거래내역!$H$2:$H$5000,설정!$B$5) -> 0 | ... M40: =SUMIFS(거래내역!$D$2:$D$5000,거래내역!$B$2:$B$5000,M$3,거래내역!$E$2:$E$5000,"투자이체",거래내역!$H$2:$H$5000,설정!$B$5) -> 0 | N40: =SUM(B40:M40) -> 0 | O40: =N40/12 -> 0 | P40: =AVERAGE(K40:M40) -> 0
A41: 연금납입 | B41: =SUMIFS(거래내역!$D$2:$D$5000,거래내역!$B$2:$B$5000,B$3,거래내역!$E$2:$E$5000,"연금납입",거래내역!$H$2:$H$5000,설정!$B$5) -> 0 | C41: =SUMIFS(거래내역!$D$2:$D$5000,거래내역!$B$2:$B$5000,C$3,거래내역!$E$2:$E$5000,"연금납입",거래내역!$H$2:$H$5000,설정!$B$5) -> 0 | D41: =SUMIFS(거래내역!$D$2:$D$5000,거래내역!$B$2:$B$5000,D$3,거래내역!$E$2:$E$5000,"연금납입",거래내역!$H$2:$H$5000,설정!$B$5) -> 0 | E41: =SUMIFS(거래내역!$D$2:$D$5000,거래내역!$B$2:$B$5000,E$3,거래내역!$E$2:$E$5000,"연금납입",거래내역!$H$2:$H$5000,설정!$B$5) -> 0 | F41: =SUMIFS(거래내역!$D$2:$D$5000,거래내역!$B$2:$B$5000,F$3,거래내역!$E$2:$E$5000,"연금납입",거래내역!$H$2:$H$5000,설정!$B$5) -> 0 | G41: =SUMIFS(거래내역!$D$2:$D$5000,거래내역!$B$2:$B$5000,G$3,거래내역!$E$2:$E$5000,"연금납입",거래내역!$H$2:$H$5000,설정!$B$5) -> 0 | H41: =SUMIFS(거래내역!$D$2:$D$5000,거래내역!$B$2:$B$5000,H$3,거래내역!$E$2:$E$5000,"연금납입",거래내역!$H$2:$H$5000,설정!$B$5) -> 0 | I41: =SUMIFS(거래내역!$D$2:$D$5000,거래내역!$B$2:$B$5000,I$3,거래내역!$E$2:$E$5000,"연금납입",거래내역!$H$2:$H$5000,설정!$B$5) -> 0 | ... M41: =SUMIFS(거래내역!$D$2:$D$5000,거래내역!$B$2:$B$5000,M$3,거래내역!$E$2:$E$5000,"연금납입",거래내역!$H$2:$H$5000,설정!$B$5) -> 0 | N41: =SUM(B41:M41) -> 0 | O41: =N41/12 -> 0 | P41: =AVERAGE(K41:M41) -> 0
A42: 저축이체 | B42: =SUMIFS(거래내역!$D$2:$D$5000,거래내역!$B$2:$B$5000,B$3,거래내역!$E$2:$E$5000,"저축이체",거래내역!$H$2:$H$5000,설정!$B$5) -> 0 | C42: =SUMIFS(거래내역!$D$2:$D$5000,거래내역!$B$2:$B$5000,C$3,거래내역!$E$2:$E$5000,"저축이체",거래내역!$H$2:$H$5000,설정!$B$5) -> 0 | D42: =SUMIFS(거래내역!$D$2:$D$5000,거래내역!$B$2:$B$5000,D$3,거래내역!$E$2:$E$5000,"저축이체",거래내역!$H$2:$H$5000,설정!$B$5) -> 0 | E42: =SUMIFS(거래내역!$D$2:$D$5000,거래내역!$B$2:$B$5000,E$3,거래내역!$E$2:$E$5000,"저축이체",거래내역!$H$2:$H$5000,설정!$B$5) -> 0 | F42: =SUMIFS(거래내역!$D$2:$D$5000,거래내역!$B$2:$B$5000,F$3,거래내역!$E$2:$E$5000,"저축이체",거래내역!$H$2:$H$5000,설정!$B$5) -> 0 | G42: =SUMIFS(거래내역!$D$2:$D$5000,거래내역!$B$2:$B$5000,G$3,거래내역!$E$2:$E$5000,"저축이체",거래내역!$H$2:$H$5000,설정!$B$5) -> 0 | H42: =SUMIFS(거래내역!$D$2:$D$5000,거래내역!$B$2:$B$5000,H$3,거래내역!$E$2:$E$5000,"저축이체",거래내역!$H$2:$H$5000,설정!$B$5) -> 0 | I42: =SUMIFS(거래내역!$D$2:$D$5000,거래내역!$B$2:$B$5000,I$3,거래내역!$E$2:$E$5000,"저축이체",거래내역!$H$2:$H$5000,설정!$B$5) -> 0 | ... M42: =SUMIFS(거래내역!$D$2:$D$5000,거래내역!$B$2:$B$5000,M$3,거래내역!$E$2:$E$5000,"저축이체",거래내역!$H$2:$H$5000,설정!$B$5) -> 0 | N42: =SUM(B42:M42) -> 0 | O42: =N42/12 -> 0 | P42: =AVERAGE(K42:M42) -> 0
A43: 대출원금상환 | B43: =SUMIFS(거래내역!$D$2:$D$5000,거래내역!$B$2:$B$5000,B$3,거래내역!$E$2:$E$5000,"대출원금상환",거래내역!$H$2:$H$5000,설정!$B$5) -> 0 | C43: =SUMIFS(거래내역!$D$2:$D$5000,거래내역!$B$2:$B$5000,C$3,거래내역!$E$2:$E$5000,"대출원금상환",거래내역!$H$2:$H$5000,설정!$B$5) -> 0 | D43: =SUMIFS(거래내역!$D$2:$D$5000,거래내역!$B$2:$B$5000,D$3,거래내역!$E$2:$E$5000,"대출원금상환",거래내역!$H$2:$H$5000,설정!$B$5) -> 0 | E43: =SUMIFS(거래내역!$D$2:$D$5000,거래내역!$B$2:$B$5000,E$3,거래내역!$E$2:$E$5000,"대출원금상환",거래내역!$H$2:$H$5000,설정!$B$5) -> 0 | F43: =SUMIFS(거래내역!$D$2:$D$5000,거래내역!$B$2:$B$5000,F$3,거래내역!$E$2:$E$5000,"대출원금상환",거래내역!$H$2:$H$5000,설정!$B$5) -> 0 | G43: =SUMIFS(거래내역!$D$2:$D$5000,거래내역!$B$2:$B$5000,G$3,거래내역!$E$2:$E$5000,"대출원금상환",거래내역!$H$2:$H$5000,설정!$B$5) -> 0 | H43: =SUMIFS(거래내역!$D$2:$D$5000,거래내역!$B$2:$B$5000,H$3,거래내역!$E$2:$E$5000,"대출원금상환",거래내역!$H$2:$H$5000,설정!$B$5) -> 0 | I43: =SUMIFS(거래내역!$D$2:$D$5000,거래내역!$B$2:$B$5000,I$3,거래내역!$E$2:$E$5000,"대출원금상환",거래내역!$H$2:$H$5000,설정!$B$5) -> 0 | ... M43: =SUMIFS(거래내역!$D$2:$D$5000,거래내역!$B$2:$B$5000,M$3,거래내역!$E$2:$E$5000,"대출원금상환",거래내역!$H$2:$H$5000,설정!$B$5) -> 0 | N43: =SUM(B43:M43) -> 0 | O43: =N43/12 -> 0 | P43: =AVERAGE(K43:M43) -> 0
A44: 자본이동 합계 | B44: =SUMIFS(거래내역!$D$2:$D$5000,거래내역!$B$2:$B$5000,B$3,거래내역!$F$2:$F$5000,"자본이동",거래내역!$H$2:$H$5000,설정!$B$5) -> 0 | C44: =SUMIFS(거래내역!$D$2:$D$5000,거래내역!$B$2:$B$5000,C$3,거래내역!$F$2:$F$5000,"자본이동",거래내역!$H$2:$H$5000,설정!$B$5) -> 0 | D44: =SUMIFS(거래내역!$D$2:$D$5000,거래내역!$B$2:$B$5000,D$3,거래내역!$F$2:$F$5000,"자본이동",거래내역!$H$2:$H$5000,설정!$B$5) -> 0 | E44: =SUMIFS(거래내역!$D$2:$D$5000,거래내역!$B$2:$B$5000,E$3,거래내역!$F$2:$F$5000,"자본이동",거래내역!$H$2:$H$5000,설정!$B$5) -> 0 | F44: =SUMIFS(거래내역!$D$2:$D$5000,거래내역!$B$2:$B$5000,F$3,거래내역!$F$2:$F$5000,"자본이동",거래내역!$H$2:$H$5000,설정!$B$5) -> 0 | G44: =SUMIFS(거래내역!$D$2:$D$5000,거래내역!$B$2:$B$5000,G$3,거래내역!$F$2:$F$5000,"자본이동",거래내역!$H$2:$H$5000,설정!$B$5) -> 0 | H44: =SUMIFS(거래내역!$D$2:$D$5000,거래내역!$B$2:$B$5000,H$3,거래내역!$F$2:$F$5000,"자본이동",거래내역!$H$2:$H$5000,설정!$B$5) -> 0 | I44: =SUMIFS(거래내역!$D$2:$D$5000,거래내역!$B$2:$B$5000,I$3,거래내역!$F$2:$F$5000,"자본이동",거래내역!$H$2:$H$5000,설정!$B$5) -> 0 | ... M44: =SUMIFS(거래내역!$D$2:$D$5000,거래내역!$B$2:$B$5000,M$3,거래내역!$F$2:$F$5000,"자본이동",거래내역!$H$2:$H$5000,설정!$B$5) -> 0 | N44: =SUM(B44:M44) -> 0 | O44: =N44/12 -> 0 | P44: =AVERAGE(K44:M44) -> 0
A45: 투자 납입액 (투자+연금) | B45: =B40+B41 -> 0 | C45: =C40+C41 -> 0 | D45: =D40+D41 -> 0 | E45: =E40+E41 -> 0 | F45: =F40+F41 -> 0 | G45: =G40+G41 -> 0 | H45: =H40+H41 -> 0 | I45: =I40+I41 -> 0 | ... P45: =P40+P41 -> 0
A46: 순현금흐름 (잉여-자본이동) | B46: =B36-B44 -> 0 | C46: =C36-C44 -> 0 | D46: =D36-D44 -> 0 | E46: =E36-E44 -> 0 | F46: =F36-F44 -> 0 | G46: =G36-G44 -> 0 | H46: =H36-H44 -> 0 | I46: =I36-I44 -> 0 | ... P46: =P36-P44 -> 0
A48: [관리 지표]
A49: 필수지출 | B49: =SUMIFS(거래내역!$D$2:$D$5000,거래내역!$B$2:$B$5000,B$3,거래내역!$G$2:$G$5000,"Y",거래내역!$H$2:$H$5000,설정!$B$5) -> 0 | C49: =SUMIFS(거래내역!$D$2:$D$5000,거래내역!$B$2:$B$5000,C$3,거래내역!$G$2:$G$5000,"Y",거래내역!$H$2:$H$5000,설정!$B$5) -> 0 | D49: =SUMIFS(거래내역!$D$2:$D$5000,거래내역!$B$2:$B$5000,D$3,거래내역!$G$2:$G$5000,"Y",거래내역!$H$2:$H$5000,설정!$B$5) -> 0 | E49: =SUMIFS(거래내역!$D$2:$D$5000,거래내역!$B$2:$B$5000,E$3,거래내역!$G$2:$G$5000,"Y",거래내역!$H$2:$H$5000,설정!$B$5) -> 0 | F49: =SUMIFS(거래내역!$D$2:$D$5000,거래내역!$B$2:$B$5000,F$3,거래내역!$G$2:$G$5000,"Y",거래내역!$H$2:$H$5000,설정!$B$5) -> 0 | G49: =SUMIFS(거래내역!$D$2:$D$5000,거래내역!$B$2:$B$5000,G$3,거래내역!$G$2:$G$5000,"Y",거래내역!$H$2:$H$5000,설정!$B$5) -> 0 | H49: =SUMIFS(거래내역!$D$2:$D$5000,거래내역!$B$2:$B$5000,H$3,거래내역!$G$2:$G$5000,"Y",거래내역!$H$2:$H$5000,설정!$B$5) -> 0 | I49: =SUMIFS(거래내역!$D$2:$D$5000,거래내역!$B$2:$B$5000,I$3,거래내역!$G$2:$G$5000,"Y",거래내역!$H$2:$H$5000,설정!$B$5) -> 0 | ... M49: =SUMIFS(거래내역!$D$2:$D$5000,거래내역!$B$2:$B$5000,M$3,거래내역!$G$2:$G$5000,"Y",거래내역!$H$2:$H$5000,설정!$B$5) -> 0 | N49: =SUM(B49:M49) -> 0 | O49: =N49/12 -> 0 | P49: =AVERAGE(K49:M49) -> 0
A50: 고정비 비율 | B50: =IF(B9=0,0,B17/B9) -> 0 | C50: =IF(C9=0,0,C17/C9) -> 0 | D50: =IF(D9=0,0,D17/D9) -> 0 | E50: =IF(E9=0,0,E17/E9) -> 0 | F50: =IF(F9=0,0,F17/F9) -> 0 | G50: =IF(G9=0,0,G17/G9) -> 0 | H50: =IF(H9=0,0,H17/H9) -> 0 | I50: =IF(I9=0,0,I17/I9) -> 0 | ... P50: =IF(P9=0,0,P17/P9) -> 0
A51: 투자 납입률 | B51: =IF(B9=0,0,B45/B9) -> 0 | C51: =IF(C9=0,0,C45/C9) -> 0 | D51: =IF(D9=0,0,D45/D9) -> 0 | E51: =IF(E9=0,0,E45/E9) -> 0 | F51: =IF(F9=0,0,F45/F9) -> 0 | G51: =IF(G9=0,0,G45/G9) -> 0 | H51: =IF(H9=0,0,H45/H9) -> 0 | I51: =IF(I9=0,0,I45/I9) -> 0 | ... P51: =IF(P9=0,0,P45/P9) -> 0
A52: 미분류 금액 | B52: =SUMIFS(거래내역!$D$2:$D$5000,거래내역!$B$2:$B$5000,B$3,거래내역!$F$2:$F$5000,"미분류",거래내역!$H$2:$H$5000,설정!$B$5) -> 0 | C52: =SUMIFS(거래내역!$D$2:$D$5000,거래내역!$B$2:$B$5000,C$3,거래내역!$F$2:$F$5000,"미분류",거래내역!$H$2:$H$5000,설정!$B$5) -> 0 | D52: =SUMIFS(거래내역!$D$2:$D$5000,거래내역!$B$2:$B$5000,D$3,거래내역!$F$2:$F$5000,"미분류",거래내역!$H$2:$H$5000,설정!$B$5) -> 0 | E52: =SUMIFS(거래내역!$D$2:$D$5000,거래내역!$B$2:$B$5000,E$3,거래내역!$F$2:$F$5000,"미분류",거래내역!$H$2:$H$5000,설정!$B$5) -> 0 | F52: =SUMIFS(거래내역!$D$2:$D$5000,거래내역!$B$2:$B$5000,F$3,거래내역!$F$2:$F$5000,"미분류",거래내역!$H$2:$H$5000,설정!$B$5) -> 0 | G52: =SUMIFS(거래내역!$D$2:$D$5000,거래내역!$B$2:$B$5000,G$3,거래내역!$F$2:$F$5000,"미분류",거래내역!$H$2:$H$5000,설정!$B$5) -> 0 | H52: =SUMIFS(거래내역!$D$2:$D$5000,거래내역!$B$2:$B$5000,H$3,거래내역!$F$2:$F$5000,"미분류",거래내역!$H$2:$H$5000,설정!$B$5) -> 0 | I52: =SUMIFS(거래내역!$D$2:$D$5000,거래내역!$B$2:$B$5000,I$3,거래내역!$F$2:$F$5000,"미분류",거래내역!$H$2:$H$5000,설정!$B$5) -> 0 | ... M52: =SUMIFS(거래내역!$D$2:$D$5000,거래내역!$B$2:$B$5000,M$3,거래내역!$F$2:$F$5000,"미분류",거래내역!$H$2:$H$5000,설정!$B$5) -> 0 | N52: =SUM(B52:M52) -> 0 | O52: =N52/12 -> 0 | P52: =AVERAGE(K52:M52) -> 0

Sheet 재무상태표
A1: 🏦 재무상태표
A2: 스냅샷(월말 잔액) 기준. 대시보드 '보기' 구성원 기준으로 집계됩니다.
A3: 구분 | B3: =설정!$B$3 -> 2026-09 | C3: =설정!$B$6 -> 2026-08 | D3: 증감 | E3: 증감률 | F3: 총자산 대비
A4: 현금성 | B4: =SUMIFS(스냅샷!$C$2:$C$3000,스냅샷!$A$2:$A$3000,B$3,스냅샷!$E$2:$E$3000,"현금성",스냅샷!$F$2:$F$3000,설정!$B$5) -> 0 | C4: =SUMIFS(스냅샷!$C$2:$C$3000,스냅샷!$A$2:$A$3000,C$3,스냅샷!$E$2:$E$3000,"현금성",스냅샷!$F$2:$F$3000,설정!$B$5) -> 0 | D4: =B4-C4 -> 0 | E4: =IF(C4=0,0,D4/ABS(C4)) -> 0 | F4: =IF($B$9=0,0,B4/$B$9) -> 0
A5: 투자 | B5: =SUMIFS(스냅샷!$C$2:$C$3000,스냅샷!$A$2:$A$3000,B$3,스냅샷!$E$2:$E$3000,"투자",스냅샷!$F$2:$F$3000,설정!$B$5) -> 0 | C5: =SUMIFS(스냅샷!$C$2:$C$3000,스냅샷!$A$2:$A$3000,C$3,스냅샷!$E$2:$E$3000,"투자",스냅샷!$F$2:$F$3000,설정!$B$5) -> 0 | D5: =B5-C5 -> 0 | E5: =IF(C5=0,0,D5/ABS(C5)) -> 0 | F5: =IF($B$9=0,0,B5/$B$9) -> 0
A6: 연금 | B6: =SUMIFS(스냅샷!$C$2:$C$3000,스냅샷!$A$2:$A$3000,B$3,스냅샷!$E$2:$E$3000,"연금",스냅샷!$F$2:$F$3000,설정!$B$5) -> 0 | C6: =SUMIFS(스냅샷!$C$2:$C$3000,스냅샷!$A$2:$A$3000,C$3,스냅샷!$E$2:$E$3000,"연금",스냅샷!$F$2:$F$3000,설정!$B$5) -> 0 | D6: =B6-C6 -> 0 | E6: =IF(C6=0,0,D6/ABS(C6)) -> 0 | F6: =IF($B$9=0,0,B6/$B$9) -> 0
A7: 부동산 | B7: =SUMIFS(스냅샷!$C$2:$C$3000,스냅샷!$A$2:$A$3000,B$3,스냅샷!$E$2:$E$3000,"부동산",스냅샷!$F$2:$F$3000,설정!$B$5) -> 0 | C7: =SUMIFS(스냅샷!$C$2:$C$3000,스냅샷!$A$2:$A$3000,C$3,스냅샷!$E$2:$E$3000,"부동산",스냅샷!$F$2:$F$3000,설정!$B$5) -> 0 | D7: =B7-C7 -> 0 | E7: =IF(C7=0,0,D7/ABS(C7)) -> 0 | F7: =IF($B$9=0,0,B7/$B$9) -> 0
A8: 기타자산 | B8: =SUMIFS(스냅샷!$C$2:$C$3000,스냅샷!$A$2:$A$3000,B$3,스냅샷!$E$2:$E$3000,"기타자산",스냅샷!$F$2:$F$3000,설정!$B$5) -> 0 | C8: =SUMIFS(스냅샷!$C$2:$C$3000,스냅샷!$A$2:$A$3000,C$3,스냅샷!$E$2:$E$3000,"기타자산",스냅샷!$F$2:$F$3000,설정!$B$5) -> 0 | D8: =B8-C8 -> 0 | E8: =IF(C8=0,0,D8/ABS(C8)) -> 0 | F8: =IF($B$9=0,0,B8/$B$9) -> 0
A9: 자산 총계 | B9: =SUM(B4:B8) -> 0 | C9: =SUM(C4:C8) -> 0 | D9: =B9-C9 -> 0 | E9: =IF(C9=0,0,D9/ABS(C9)) -> 0 | F9: =IF($B$9=0,0,B9/$B$9) -> 0
A10: 부채 총계 | B10: =SUMIFS(스냅샷!$C$2:$C$3000,스냅샷!$A$2:$A$3000,B$3,스냅샷!$E$2:$E$3000,"부채",스냅샷!$F$2:$F$3000,설정!$B$5) -> 0 | C10: =SUMIFS(스냅샷!$C$2:$C$3000,스냅샷!$A$2:$A$3000,C$3,스냅샷!$E$2:$E$3000,"부채",스냅샷!$F$2:$F$3000,설정!$B$5) -> 0 | D10: =B10-C10 -> 0 | E10: =IF(C10=0,0,D10/ABS(C10)) -> 0 | F10: =IF($B$9=0,0,B10/$B$9) -> 0
A11: 순자산 (자산-부채) | B11: =B9-B10 -> 0 | C11: =C9-C10 -> 0 | D11: =B11-C11 -> 0 | E11: =IF(C11=0,0,D11/ABS(C11)) -> 0 | F11: =IF($B$9=0,0,B11/$B$9) -> 0
A12: 가용 순자산 (부동산 제외) | B12: =B11-B7 -> 0 | C12: =C11-C7 -> 0 | D12: =B12-C12 -> 0 | E12: =IF(C12=0,0,D12/ABS(C12)) -> 0 | F12: =IF($B$9=0,0,B12/$B$9) -> 0
A13: 투자+연금 자산 | B13: =B5+B6 -> 0 | C13: =C5+C6 -> 0 | D13: =B13-C13 -> 0 | E13: =IF(C13=0,0,D13/ABS(C13)) -> 0 | F13: =IF($B$9=0,0,B13/$B$9) -> 0
A14: 부채비율 (부채/자산) | B14: =IF(B9=0,0,B10/B9) -> 0 | C14: =IF(C9=0,0,C10/C9) -> 0 | D14: =B14-C14 -> 0
A15: 비상자금 (즉시 인출 가능 현금성) | B15: =SUMIFS(스냅샷!$C$2:$C$3000,스냅샷!$A$2:$A$3000,B$3,스냅샷!$E$2:$E$3000,"현금성",스냅샷!$G$2:$G$3000,"즉시",스냅샷!$F$2:$F$3000,설정!$B$5) -> 0 | C15: =SUMIFS(스냅샷!$C$2:$C$3000,스냅샷!$A$2:$A$3000,C$3,스냅샷!$E$2:$E$3000,"현금성",스냅샷!$G$2:$G$3000,"즉시",스냅샷!$F$2:$F$3000,설정!$B$5) -> 0 | D15: =B15-C15 -> 0 | E15: =IF(C15=0,0,D15/ABS(C15)) -> 0 | F15: =IF($B$9=0,0,B15/$B$9) -> 0
A16: 즉시 가용현금 (비상자금-즉시 부채) | B16: =B15-SUMIFS(스냅샷!$C$2:$C$3000,스냅샷!$A$2:$A$3000,B$3,스냅샷!$E$2:$E$3000,"부채",스냅샷!$G$2:$G$3000,"즉시",스냅샷!$F$2:$F$3000,설정!$B$5) -> 0 | C16: =C15-SUMIFS(스냅샷!$C$2:$C$3000,스냅샷!$A$2:$A$3000,C$3,스냅샷!$E$2:$E$3000,"부채",스냅샷!$G$2:$G$3000,"즉시",스냅샷!$F$2:$F$3000,설정!$B$5) -> 0 | D16: =B16-C16 -> 0 | E16: =IF(C16=0,0,D16/ABS(C16)) -> 0 | F16: =IF($B$9=0,0,B16/$B$9) -> 0
A18: 유동성별 자산 (기준월)
A19: 즉시 | B19: =SUMIFS(스냅샷!$C$2:$C$3000,스냅샷!$A$2:$A$3000,$B$3,스냅샷!$G$2:$G$3000,"즉시",스냅샷!$E$2:$E$3000,"<>부채",스냅샷!$F$2:$F$3000,설정!$B$5) -> 0 | F19: =IF($B$9=0,0,B19/$B$9) -> 0
A20: 1년내 | B20: =SUMIFS(스냅샷!$C$2:$C$3000,스냅샷!$A$2:$A$3000,$B$3,스냅샷!$G$2:$G$3000,"1년내",스냅샷!$E$2:$E$3000,"<>부채",스냅샷!$F$2:$F$3000,설정!$B$5) -> 0 | F20: =IF($B$9=0,0,B20/$B$9) -> 0
A21: 장기 | B21: =SUMIFS(스냅샷!$C$2:$C$3000,스냅샷!$A$2:$A$3000,$B$3,스냅샷!$G$2:$G$3000,"장기",스냅샷!$E$2:$E$3000,"<>부채",스냅샷!$F$2:$F$3000,설정!$B$5) -> 0 | F21: =IF($B$9=0,0,B21/$B$9) -> 0
A22: 구성원별 현황 (기준월 · 보기 선택과 무관)
A23: 구성원 | B23: 자산 | C23: 부채 | D23: 순자산 | E23: 투자+연금 | F23: 현금성
A24: 본인 | B24: =SUMIFS(스냅샷!$C$2:$C$3000,스냅샷!$A$2:$A$3000,설정!$B$3,스냅샷!$F$2:$F$3000,"본인",스냅샷!$E$2:$E$3000,"<>부채") -> 0 | C24: =SUMIFS(스냅샷!$C$2:$C$3000,스냅샷!$A$2:$A$3000,설정!$B$3,스냅샷!$F$2:$F$3000,"본인",스냅샷!$E$2:$E$3000,"부채") -> 0 | D24: =B24-C24 -> 0 | E24: =SUMIFS(스냅샷!$C$2:$C$3000,스냅샷!$A$2:$A$3000,설정!$B$3,스냅샷!$F$2:$F$3000,"본인",스냅샷!$E$2:$E$3000,"투자")+SUMIFS(스냅샷!$C$2:$C$3000,스냅샷!$A$2:$A$3000,설정!$B$3,스냅샷!$F$2:$F$3000,"본인",스냅샷!$E$2:$E$3000,"연금") -> 0 | F24: =SUMIFS(스냅샷!$C$2:$C$3000,스냅샷!$A$2:$A$3000,설정!$B$3,스냅샷!$F$2:$F$3000,"본인",스냅샷!$E$2:$E$3000,"현금성") -> 0
A25: 배우자 | B25: =SUMIFS(스냅샷!$C$2:$C$3000,스냅샷!$A$2:$A$3000,설정!$B$3,스냅샷!$F$2:$F$3000,"배우자",스냅샷!$E$2:$E$3000,"<>부채") -> 0 | C25: =SUMIFS(스냅샷!$C$2:$C$3000,스냅샷!$A$2:$A$3000,설정!$B$3,스냅샷!$F$2:$F$3000,"배우자",스냅샷!$E$2:$E$3000,"부채") -> 0 | D25: =B25-C25 -> 0 | E25: =SUMIFS(스냅샷!$C$2:$C$3000,스냅샷!$A$2:$A$3000,설정!$B$3,스냅샷!$F$2:$F$3000,"배우자",스냅샷!$E$2:$E$3000,"투자")+SUMIFS(스냅샷!$C$2:$C$3000,스냅샷!$A$2:$A$3000,설정!$B$3,스냅샷!$F$2:$F$3000,"배우자",스냅샷!$E$2:$E$3000,"연금") -> 0 | F25: =SUMIFS(스냅샷!$C$2:$C$3000,스냅샷!$A$2:$A$3000,설정!$B$3,스냅샷!$F$2:$F$3000,"배우자",스냅샷!$E$2:$E$3000,"현금성") -> 0
A26: 공동 | B26: =SUMIFS(스냅샷!$C$2:$C$3000,스냅샷!$A$2:$A$3000,설정!$B$3,스냅샷!$F$2:$F$3000,"공동",스냅샷!$E$2:$E$3000,"<>부채") -> 0 | C26: =SUMIFS(스냅샷!$C$2:$C$3000,스냅샷!$A$2:$A$3000,설정!$B$3,스냅샷!$F$2:$F$3000,"공동",스냅샷!$E$2:$E$3000,"부채") -> 0 | D26: =B26-C26 -> 0 | E26: =SUMIFS(스냅샷!$C$2:$C$3000,스냅샷!$A$2:$A$3000,설정!$B$3,스냅샷!$F$2:$F$3000,"공동",스냅샷!$E$2:$E$3000,"투자")+SUMIFS(스냅샷!$C$2:$C$3000,스냅샷!$A$2:$A$3000,설정!$B$3,스냅샷!$F$2:$F$3000,"공동",스냅샷!$E$2:$E$3000,"연금") -> 0 | F26: =SUMIFS(스냅샷!$C$2:$C$3000,스냅샷!$A$2:$A$3000,설정!$B$3,스냅샷!$F$2:$F$3000,"공동",스냅샷!$E$2:$E$3000,"현금성") -> 0
A27: 합계 | B27: =SUM(B24:B26) -> 0 | C27: =SUM(C24:C26) -> 0 | D27: =SUM(D24:D26) -> 0 | E27: =SUM(E24:E26) -> 0 | F27: =SUM(F24:F26) -> 0
A29: 순자산 추이 (최근 12개월 · 보기 기준)
A30: 월 | B30: 총자산 | C30: 총부채 | D30: 순자산 | E30: 투자+연금 | F30: 현금성
A31: =TEXT(EDATE(DATEVALUE(설정!$B$3&"-01"),-11),"yyyy-mm") -> 2025-10 | B31: =SUMIFS(스냅샷!$C$2:$C$3000,스냅샷!$A$2:$A$3000,$A31,스냅샷!$F$2:$F$3000,설정!$B$5,스냅샷!$E$2:$E$3000,"<>부채") -> 0 | C31: =SUMIFS(스냅샷!$C$2:$C$3000,스냅샷!$A$2:$A$3000,$A31,스냅샷!$F$2:$F$3000,설정!$B$5,스냅샷!$E$2:$E$3000,"부채") -> 0 | D31: =B31-C31 -> 0 | E31: =SUMIFS(스냅샷!$C$2:$C$3000,스냅샷!$A$2:$A$3000,$A31,스냅샷!$F$2:$F$3000,설정!$B$5,스냅샷!$E$2:$E$3000,"투자")+SUMIFS(스냅샷!$C$2:$C$3000,스냅샷!$A$2:$A$3000,$A31,스냅샷!$F$2:$F$3000,설정!$B$5,스냅샷!$E$2:$E$3000,"연금") -> 0 | F31: =SUMIFS(스냅샷!$C$2:$C$3000,스냅샷!$A$2:$A$3000,$A31,스냅샷!$F$2:$F$3000,설정!$B$5,스냅샷!$E$2:$E$3000,"현금성") -> 0
A32: =TEXT(EDATE(DATEVALUE(설정!$B$3&"-01"),-10),"yyyy-mm") -> 2025-11 | B32: =SUMIFS(스냅샷!$C$2:$C$3000,스냅샷!$A$2:$A$3000,$A32,스냅샷!$F$2:$F$3000,설정!$B$5,스냅샷!$E$2:$E$3000,"<>부채") -> 0 | C32: =SUMIFS(스냅샷!$C$2:$C$3000,스냅샷!$A$2:$A$3000,$A32,스냅샷!$F$2:$F$3000,설정!$B$5,스냅샷!$E$2:$E$3000,"부채") -> 0 | D32: =B32-C32 -> 0 | E32: =SUMIFS(스냅샷!$C$2:$C$3000,스냅샷!$A$2:$A$3000,$A32,스냅샷!$F$2:$F$3000,설정!$B$5,스냅샷!$E$2:$E$3000,"투자")+SUMIFS(스냅샷!$C$2:$C$3000,스냅샷!$A$2:$A$3000,$A32,스냅샷!$F$2:$F$3000,설정!$B$5,스냅샷!$E$2:$E$3000,"연금") -> 0 | F32: =SUMIFS(스냅샷!$C$2:$C$3000,스냅샷!$A$2:$A$3000,$A32,스냅샷!$F$2:$F$3000,설정!$B$5,스냅샷!$E$2:$E$3000,"현금성") -> 0
A33: =TEXT(EDATE(DATEVALUE(설정!$B$3&"-01"),-9),"yyyy-mm") -> 2025-12 | B33: =SUMIFS(스냅샷!$C$2:$C$3000,스냅샷!$A$2:$A$3000,$A33,스냅샷!$F$2:$F$3000,설정!$B$5,스냅샷!$E$2:$E$3000,"<>부채") -> 0 | C33: =SUMIFS(스냅샷!$C$2:$C$3000,스냅샷!$A$2:$A$3000,$A33,스냅샷!$F$2:$F$3000,설정!$B$5,스냅샷!$E$2:$E$3000,"부채") -> 0 | D33: =B33-C33 -> 0 | E33: =SUMIFS(스냅샷!$C$2:$C$3000,스냅샷!$A$2:$A$3000,$A33,스냅샷!$F$2:$F$3000,설정!$B$5,스냅샷!$E$2:$E$3000,"투자")+SUMIFS(스냅샷!$C$2:$C$3000,스냅샷!$A$2:$A$3000,$A33,스냅샷!$F$2:$F$3000,설정!$B$5,스냅샷!$E$2:$E$3000,"연금") -> 0 | F33: =SUMIFS(스냅샷!$C$2:$C$3000,스냅샷!$A$2:$A$3000,$A33,스냅샷!$F$2:$F$3000,설정!$B$5,스냅샷!$E$2:$E$3000,"현금성") -> 0
A34: =TEXT(EDATE(DATEVALUE(설정!$B$3&"-01"),-8),"yyyy-mm") -> 2026-01 | B34: =SUMIFS(스냅샷!$C$2:$C$3000,스냅샷!$A$2:$A$3000,$A34,스냅샷!$F$2:$F$3000,설정!$B$5,스냅샷!$E$2:$E$3000,"<>부채") -> 0 | C34: =SUMIFS(스냅샷!$C$2:$C$3000,스냅샷!$A$2:$A$3000,$A34,스냅샷!$F$2:$F$3000,설정!$B$5,스냅샷!$E$2:$E$3000,"부채") -> 0 | D34: =B34-C34 -> 0 | E34: =SUMIFS(스냅샷!$C$2:$C$3000,스냅샷!$A$2:$A$3000,$A34,스냅샷!$F$2:$F$3000,설정!$B$5,스냅샷!$E$2:$E$3000,"투자")+SUMIFS(스냅샷!$C$2:$C$3000,스냅샷!$A$2:$A$3000,$A34,스냅샷!$F$2:$F$3000,설정!$B$5,스냅샷!$E$2:$E$3000,"연금") -> 0 | F34: =SUMIFS(스냅샷!$C$2:$C$3000,스냅샷!$A$2:$A$3000,$A34,스냅샷!$F$2:$F$3000,설정!$B$5,스냅샷!$E$2:$E$3000,"현금성") -> 0
A35: =TEXT(EDATE(DATEVALUE(설정!$B$3&"-01"),-7),"yyyy-mm") -> 2026-02 | B35: =SUMIFS(스냅샷!$C$2:$C$3000,스냅샷!$A$2:$A$3000,$A35,스냅샷!$F$2:$F$3000,설정!$B$5,스냅샷!$E$2:$E$3000,"<>부채") -> 0 | C35: =SUMIFS(스냅샷!$C$2:$C$3000,스냅샷!$A$2:$A$3000,$A35,스냅샷!$F$2:$F$3000,설정!$B$5,스냅샷!$E$2:$E$3000,"부채") -> 0 | D35: =B35-C35 -> 0 | E35: =SUMIFS(스냅샷!$C$2:$C$3000,스냅샷!$A$2:$A$3000,$A35,스냅샷!$F$2:$F$3000,설정!$B$5,스냅샷!$E$2:$E$3000,"투자")+SUMIFS(스냅샷!$C$2:$C$3000,스냅샷!$A$2:$A$3000,$A35,스냅샷!$F$2:$F$3000,설정!$B$5,스냅샷!$E$2:$E$3000,"연금") -> 0 | F35: =SUMIFS(스냅샷!$C$2:$C$3000,스냅샷!$A$2:$A$3000,$A35,스냅샷!$F$2:$F$3000,설정!$B$5,스냅샷!$E$2:$E$3000,"현금성") -> 0
A36: =TEXT(EDATE(DATEVALUE(설정!$B$3&"-01"),-6),"yyyy-mm") -> 2026-03 | B36: =SUMIFS(스냅샷!$C$2:$C$3000,스냅샷!$A$2:$A$3000,$A36,스냅샷!$F$2:$F$3000,설정!$B$5,스냅샷!$E$2:$E$3000,"<>부채") -> 0 | C36: =SUMIFS(스냅샷!$C$2:$C$3000,스냅샷!$A$2:$A$3000,$A36,스냅샷!$F$2:$F$3000,설정!$B$5,스냅샷!$E$2:$E$3000,"부채") -> 0 | D36: =B36-C36 -> 0 | E36: =SUMIFS(스냅샷!$C$2:$C$3000,스냅샷!$A$2:$A$3000,$A36,스냅샷!$F$2:$F$3000,설정!$B$5,스냅샷!$E$2:$E$3000,"투자")+SUMIFS(스냅샷!$C$2:$C$3000,스냅샷!$A$2:$A$3000,$A36,스냅샷!$F$2:$F$3000,설정!$B$5,스냅샷!$E$2:$E$3000,"연금") -> 0 | F36: =SUMIFS(스냅샷!$C$2:$C$3000,스냅샷!$A$2:$A$3000,$A36,스냅샷!$F$2:$F$3000,설정!$B$5,스냅샷!$E$2:$E$3000,"현금성") -> 0
A37: =TEXT(EDATE(DATEVALUE(설정!$B$3&"-01"),-5),"yyyy-mm") -> 2026-04 | B37: =SUMIFS(스냅샷!$C$2:$C$3000,스냅샷!$A$2:$A$3000,$A37,스냅샷!$F$2:$F$3000,설정!$B$5,스냅샷!$E$2:$E$3000,"<>부채") -> 0 | C37: =SUMIFS(스냅샷!$C$2:$C$3000,스냅샷!$A$2:$A$3000,$A37,스냅샷!$F$2:$F$3000,설정!$B$5,스냅샷!$E$2:$E$3000,"부채") -> 0 | D37: =B37-C37 -> 0 | E37: =SUMIFS(스냅샷!$C$2:$C$3000,스냅샷!$A$2:$A$3000,$A37,스냅샷!$F$2:$F$3000,설정!$B$5,스냅샷!$E$2:$E$3000,"투자")+SUMIFS(스냅샷!$C$2:$C$3000,스냅샷!$A$2:$A$3000,$A37,스냅샷!$F$2:$F$3000,설정!$B$5,스냅샷!$E$2:$E$3000,"연금") -> 0 | F37: =SUMIFS(스냅샷!$C$2:$C$3000,스냅샷!$A$2:$A$3000,$A37,스냅샷!$F$2:$F$3000,설정!$B$5,스냅샷!$E$2:$E$3000,"현금성") -> 0
A38: =TEXT(EDATE(DATEVALUE(설정!$B$3&"-01"),-4),"yyyy-mm") -> 2026-05 | B38: =SUMIFS(스냅샷!$C$2:$C$3000,스냅샷!$A$2:$A$3000,$A38,스냅샷!$F$2:$F$3000,설정!$B$5,스냅샷!$E$2:$E$3000,"<>부채") -> 0 | C38: =SUMIFS(스냅샷!$C$2:$C$3000,스냅샷!$A$2:$A$3000,$A38,스냅샷!$F$2:$F$3000,설정!$B$5,스냅샷!$E$2:$E$3000,"부채") -> 0 | D38: =B38-C38 -> 0 | E38: =SUMIFS(스냅샷!$C$2:$C$3000,스냅샷!$A$2:$A$3000,$A38,스냅샷!$F$2:$F$3000,설정!$B$5,스냅샷!$E$2:$E$3000,"투자")+SUMIFS(스냅샷!$C$2:$C$3000,스냅샷!$A$2:$A$3000,$A38,스냅샷!$F$2:$F$3000,설정!$B$5,스냅샷!$E$2:$E$3000,"연금") -> 0 | F38: =SUMIFS(스냅샷!$C$2:$C$3000,스냅샷!$A$2:$A$3000,$A38,스냅샷!$F$2:$F$3000,설정!$B$5,스냅샷!$E$2:$E$3000,"현금성") -> 0
A39: =TEXT(EDATE(DATEVALUE(설정!$B$3&"-01"),-3),"yyyy-mm") -> 2026-06 | B39: =SUMIFS(스냅샷!$C$2:$C$3000,스냅샷!$A$2:$A$3000,$A39,스냅샷!$F$2:$F$3000,설정!$B$5,스냅샷!$E$2:$E$3000,"<>부채") -> 0 | C39: =SUMIFS(스냅샷!$C$2:$C$3000,스냅샷!$A$2:$A$3000,$A39,스냅샷!$F$2:$F$3000,설정!$B$5,스냅샷!$E$2:$E$3000,"부채") -> 0 | D39: =B39-C39 -> 0 | E39: =SUMIFS(스냅샷!$C$2:$C$3000,스냅샷!$A$2:$A$3000,$A39,스냅샷!$F$2:$F$3000,설정!$B$5,스냅샷!$E$2:$E$3000,"투자")+SUMIFS(스냅샷!$C$2:$C$3000,스냅샷!$A$2:$A$3000,$A39,스냅샷!$F$2:$F$3000,설정!$B$5,스냅샷!$E$2:$E$3000,"연금") -> 0 | F39: =SUMIFS(스냅샷!$C$2:$C$3000,스냅샷!$A$2:$A$3000,$A39,스냅샷!$F$2:$F$3000,설정!$B$5,스냅샷!$E$2:$E$3000,"현금성") -> 0
A40: =TEXT(EDATE(DATEVALUE(설정!$B$3&"-01"),-2),"yyyy-mm") -> 2026-07 | B40: =SUMIFS(스냅샷!$C$2:$C$3000,스냅샷!$A$2:$A$3000,$A40,스냅샷!$F$2:$F$3000,설정!$B$5,스냅샷!$E$2:$E$3000,"<>부채") -> 0 | C40: =SUMIFS(스냅샷!$C$2:$C$3000,스냅샷!$A$2:$A$3000,$A40,스냅샷!$F$2:$F$3000,설정!$B$5,스냅샷!$E$2:$E$3000,"부채") -> 0 | D40: =B40-C40 -> 0 | E40: =SUMIFS(스냅샷!$C$2:$C$3000,스냅샷!$A$2:$A$3000,$A40,스냅샷!$F$2:$F$3000,설정!$B$5,스냅샷!$E$2:$E$3000,"투자")+SUMIFS(스냅샷!$C$2:$C$3000,스냅샷!$A$2:$A$3000,$A40,스냅샷!$F$2:$F$3000,설정!$B$5,스냅샷!$E$2:$E$3000,"연금") -> 0 | F40: =SUMIFS(스냅샷!$C$2:$C$3000,스냅샷!$A$2:$A$3000,$A40,스냅샷!$F$2:$F$3000,설정!$B$5,스냅샷!$E$2:$E$3000,"현금성") -> 0
A41: =TEXT(EDATE(DATEVALUE(설정!$B$3&"-01"),-1),"yyyy-mm") -> 2026-08 | B41: =SUMIFS(스냅샷!$C$2:$C$3000,스냅샷!$A$2:$A$3000,$A41,스냅샷!$F$2:$F$3000,설정!$B$5,스냅샷!$E$2:$E$3000,"<>부채") -> 0 | C41: =SUMIFS(스냅샷!$C$2:$C$3000,스냅샷!$A$2:$A$3000,$A41,스냅샷!$F$2:$F$3000,설정!$B$5,스냅샷!$E$2:$E$3000,"부채") -> 0 | D41: =B41-C41 -> 0 | E41: =SUMIFS(스냅샷!$C$2:$C$3000,스냅샷!$A$2:$A$3000,$A41,스냅샷!$F$2:$F$3000,설정!$B$5,스냅샷!$E$2:$E$3000,"투자")+SUMIFS(스냅샷!$C$2:$C$3000,스냅샷!$A$2:$A$3000,$A41,스냅샷!$F$2:$F$3000,설정!$B$5,스냅샷!$E$2:$E$3000,"연금") -> 0 | F41: =SUMIFS(스냅샷!$C$2:$C$3000,스냅샷!$A$2:$A$3000,$A41,스냅샷!$F$2:$F$3000,설정!$B$5,스냅샷!$E$2:$E$3000,"현금성") -> 0
A42: =TEXT(EDATE(DATEVALUE(설정!$B$3&"-01"),0),"yyyy-mm") -> 2026-09 | B42: =SUMIFS(스냅샷!$C$2:$C$3000,스냅샷!$A$2:$A$3000,$A42,스냅샷!$F$2:$F$3000,설정!$B$5,스냅샷!$E$2:$E$3000,"<>부채") -> 0 | C42: =SUMIFS(스냅샷!$C$2:$C$3000,스냅샷!$A$2:$A$3000,$A42,스냅샷!$F$2:$F$3000,설정!$B$5,스냅샷!$E$2:$E$3000,"부채") -> 0 | D42: =B42-C42 -> 0 | E42: =SUMIFS(스냅샷!$C$2:$C$3000,스냅샷!$A$2:$A$3000,$A42,스냅샷!$F$2:$F$3000,설정!$B$5,스냅샷!$E$2:$E$3000,"투자")+SUMIFS(스냅샷!$C$2:$C$3000,스냅샷!$A$2:$A$3000,$A42,스냅샷!$F$2:$F$3000,설정!$B$5,스냅샷!$E$2:$E$3000,"연금") -> 0 | F42: =SUMIFS(스냅샷!$C$2:$C$3000,스냅샷!$A$2:$A$3000,$A42,스냅샷!$F$2:$F$3000,설정!$B$5,스냅샷!$E$2:$E$3000,"현금성") -> 0
A44: 계좌별 잔액 (기준월 · 전체)
A45: 계좌ID | B45: 계좌명 | C45: 유형 | D45: 소유자 | E45: 기준월 | F45: 전월 | G45: 증감
A46: =IF(계좌!$A2="","",계좌!A2) | B46: =IF(계좌!$A2="","",계좌!B2) | C46: =IF(계좌!$A2="","",계좌!D2) | D46: =IF(계좌!$A2="","",계좌!E2) | E46: =IF(A46="","",SUMIFS(스냅샷!$C$2:$C$3000,스냅샷!$A$2:$A$3000,설정!$B$3,스냅샷!$B$2:$B$3000,A46)) | F46: =IF(A46="","",SUMIFS(스냅샷!$C$2:$C$3000,스냅샷!$A$2:$A$3000,설정!$B$6,스냅샷!$B$2:$B$3000,A46)) | G46: =IF(A46="","",E46-F46)
A47: =IF(계좌!$A3="","",계좌!A3) | B47: =IF(계좌!$A3="","",계좌!B3) | C47: =IF(계좌!$A3="","",계좌!D3) | D47: =IF(계좌!$A3="","",계좌!E3) | E47: =IF(A47="","",SUMIFS(스냅샷!$C$2:$C$3000,스냅샷!$A$2:$A$3000,설정!$B$3,스냅샷!$B$2:$B$3000,A47)) | F47: =IF(A47="","",SUMIFS(스냅샷!$C$2:$C$3000,스냅샷!$A$2:$A$3000,설정!$B$6,스냅샷!$B$2:$B$3000,A47)) | G47: =IF(A47="","",E47-F47)
A48: =IF(계좌!$A4="","",계좌!A4) | B48: =IF(계좌!$A4="","",계좌!B4) | C48: =IF(계좌!$A4="","",계좌!D4) | D48: =IF(계좌!$A4="","",계좌!E4) | E48: =IF(A48="","",SUMIFS(스냅샷!$C$2:$C$3000,스냅샷!$A$2:$A$3000,설정!$B$3,스냅샷!$B$2:$B$3000,A48)) | F48: =IF(A48="","",SUMIFS(스냅샷!$C$2:$C$3000,스냅샷!$A$2:$A$3000,설정!$B$6,스냅샷!$B$2:$B$3000,A48)) | G48: =IF(A48="","",E48-F48)
A49: =IF(계좌!$A5="","",계좌!A5) | B49: =IF(계좌!$A5="","",계좌!B5) | C49: =IF(계좌!$A5="","",계좌!D5) | D49: =IF(계좌!$A5="","",계좌!E5) | E49: =IF(A49="","",SUMIFS(스냅샷!$C$2:$C$3000,스냅샷!$A$2:$A$3000,설정!$B$3,스냅샷!$B$2:$B$3000,A49)) | F49: =IF(A49="","",SUMIFS(스냅샷!$C$2:$C$3000,스냅샷!$A$2:$A$3000,설정!$B$6,스냅샷!$B$2:$B$3000,A49)) | G49: =IF(A49="","",E49-F49)
A50: =IF(계좌!$A6="","",계좌!A6) | B50: =IF(계좌!$A6="","",계좌!B6) | C50: =IF(계좌!$A6="","",계좌!D6) | D50: =IF(계좌!$A6="","",계좌!E6) | E50: =IF(A50="","",SUMIFS(스냅샷!$C$2:$C$3000,스냅샷!$A$2:$A$3000,설정!$B$3,스냅샷!$B$2:$B$3000,A50)) | F50: =IF(A50="","",SUMIFS(스냅샷!$C$2:$C$3000,스냅샷!$A$2:$A$3000,설정!$B$6,스냅샷!$B$2:$B$3000,A50)) | G50: =IF(A50="","",E50-F50)
A51: =IF(계좌!$A7="","",계좌!A7) | B51: =IF(계좌!$A7="","",계좌!B7) | C51: =IF(계좌!$A7="","",계좌!D7) | D51: =IF(계좌!$A7="","",계좌!E7) | E51: =IF(A51="","",SUMIFS(스냅샷!$C$2:$C$3000,스냅샷!$A$2:$A$3000,설정!$B$3,스냅샷!$B$2:$B$3000,A51)) | F51: =IF(A51="","",SUMIFS(스냅샷!$C$2:$C$3000,스냅샷!$A$2:$A$3000,설정!$B$6,스냅샷!$B$2:$B$3000,A51)) | G51: =IF(A51="","",E51-F51)
A52: =IF(계좌!$A8="","",계좌!A8) | B52: =IF(계좌!$A8="","",계좌!B8) | C52: =IF(계좌!$A8="","",계좌!D8) | D52: =IF(계좌!$A8="","",계좌!E8) | E52: =IF(A52="","",SUMIFS(스냅샷!$C$2:$C$3000,스냅샷!$A$2:$A$3000,설정!$B$3,스냅샷!$B$2:$B$3000,A52)) | F52: =IF(A52="","",SUMIFS(스냅샷!$C$2:$C$3000,스냅샷!$A$2:$A$3000,설정!$B$6,스냅샷!$B$2:$B$3000,A52)) | G52: =IF(A52="","",E52-F52)
A53: =IF(계좌!$A9="","",계좌!A9) | B53: =IF(계좌!$A9="","",계좌!B9) | C53: =IF(계좌!$A9="","",계좌!D9) | D53: =IF(계좌!$A9="","",계좌!E9) | E53: =IF(A53="","",SUMIFS(스냅샷!$C$2:$C$3000,스냅샷!$A$2:$A$3000,설정!$B$3,스냅샷!$B$2:$B$3000,A53)) | F53: =IF(A53="","",SUMIFS(스냅샷!$C$2:$C$3000,스냅샷!$A$2:$A$3000,설정!$B$6,스냅샷!$B$2:$B$3000,A53)) | G53: =IF(A53="","",E53-F53)
A54: =IF(계좌!$A10="","",계좌!A10) | B54: =IF(계좌!$A10="","",계좌!B10) | C54: =IF(계좌!$A10="","",계좌!D10) | D54: =IF(계좌!$A10="","",계좌!E10) | E54: =IF(A54="","",SUMIFS(스냅샷!$C$2:$C$3000,스냅샷!$A$2:$A$3000,설정!$B$3,스냅샷!$B$2:$B$3000,A54)) | F54: =IF(A54="","",SUMIFS(스냅샷!$C$2:$C$3000,스냅샷!$A$2:$A$3000,설정!$B$6,스냅샷!$B$2:$B$3000,A54)) | G54: =IF(A54="","",E54-F54)
A55: =IF(계좌!$A11="","",계좌!A11) | B55: =IF(계좌!$A11="","",계좌!B11) | C55: =IF(계좌!$A11="","",계좌!D11) | D55: =IF(계좌!$A11="","",계좌!E11) | E55: =IF(A55="","",SUMIFS(스냅샷!$C$2:$C$3000,스냅샷!$A$2:$A$3000,설정!$B$3,스냅샷!$B$2:$B$3000,A55)) | F55: =IF(A55="","",SUMIFS(스냅샷!$C$2:$C$3000,스냅샷!$A$2:$A$3000,설정!$B$6,스냅샷!$B$2:$B$3000,A55)) | G55: =IF(A55="","",E55-F55)
A56: =IF(계좌!$A12="","",계좌!A12) | B56: =IF(계좌!$A12="","",계좌!B12) | C56: =IF(계좌!$A12="","",계좌!D12) | D56: =IF(계좌!$A12="","",계좌!E12) | E56: =IF(A56="","",SUMIFS(스냅샷!$C$2:$C$3000,스냅샷!$A$2:$A$3000,설정!$B$3,스냅샷!$B$2:$B$3000,A56)) | F56: =IF(A56="","",SUMIFS(스냅샷!$C$2:$C$3000,스냅샷!$A$2:$A$3000,설정!$B$6,스냅샷!$B$2:$B$3000,A56)) | G56: =IF(A56="","",E56-F56)
A57: =IF(계좌!$A13="","",계좌!A13) | B57: =IF(계좌!$A13="","",계좌!B13) | C57: =IF(계좌!$A13="","",계좌!D13) | D57: =IF(계좌!$A13="","",계좌!E13) | E57: =IF(A57="","",SUMIFS(스냅샷!$C$2:$C$3000,스냅샷!$A$2:$A$3000,설정!$B$3,스냅샷!$B$2:$B$3000,A57)) | F57: =IF(A57="","",SUMIFS(스냅샷!$C$2:$C$3000,스냅샷!$A$2:$A$3000,설정!$B$6,스냅샷!$B$2:$B$3000,A57)) | G57: =IF(A57="","",E57-F57)
... A85: =IF(계좌!$A41="","",계좌!A41) | B85: =IF(계좌!$A41="","",계좌!B41) | C85: =IF(계좌!$A41="","",계좌!D41) | D85: =IF(계좌!$A41="","",계좌!E41) | E85: =IF(A85="","",SUMIFS(스냅샷!$C$2:$C$3000,스냅샷!$A$2:$A$3000,설정!$B$3,스냅샷!$B$2:$B$3000,A85)) | F85: =IF(A85="","",SUMIFS(스냅샷!$C$2:$C$3000,스냅샷!$A$2:$A$3000,설정!$B$6,스냅샷!$B$2:$B$3000,A85)) | G85: =IF(A85="","",E85-F85)

Sheet 현금흐름
A1: 💧 현금흐름 예측 (향후 6개월)
A2: 정기 유입·유출은 손익 평균, 비정기 항목은 '일정' 시트의 유입/유출을 반영합니다.
A3: 가정
A4: 기초 가용현금 (기준월 말, 즉시 현금성 − 즉시 부채) | B4: =재무상태표!B16 -> 0
A5: 월 정기 유입 (급여·이자배당·부수입 12개월 평균) | B5: =(손익!N5+손익!N7+손익!N8)/12 -> 0
A6: 월 정기 유출 (고정비+변동비 12개월 평균) | B6: =(손익!N17+손익!N27)/12 -> 0
A7: 월 자본이동 (저축·투자·원금상환, 최근 3개월 평균) | B7: =손익!P44 -> 0
A8: 최소 유지잔고 (설정) | B8: =설정!$B$18 -> 3000000
A10: 월 | B10: 정기 유입 | C10: 일정 유입 | D10: 정기 유출 | E10: 자본이동 | F10: 일정 유출 | G10: 순현금흐름 | H10: 예상 잔고 | I10: 상태 | J10: (알림용)
A11: =TEXT(EDATE(DATEVALUE(설정!$B$3&"-01"),1),"yyyy-mm") -> 2026-10 | B11: =$B$5 -> 0 | C11: =SUMIFS(일정!$D$4:$D$63,일정!$F$4:$F$63,A11,일정!$C$4:$C$63,"유입",일정!$E$4:$E$63,설정!$B$5) -> 0 | D11: =$B$6 -> 0 | E11: =$B$7 -> 0 | F11: =SUMIFS(일정!$D$4:$D$63,일정!$F$4:$F$63,A11,일정!$C$4:$C$63,"유출",일정!$E$4:$E$63,설정!$B$5) -> 0 | G11: =B11+C11-D11-E11-F11 -> 0 | H11: =$B$4+G11 -> 0 | I11: =IF(H11<$B$8,"🔴 부족","✅ 정상") -> 🔴 부족 | J11: =IF(H11<$B$8,A11&" "&TEXT(H11,"#,##0")&"원","") -> 2026-10 0원
A12: =TEXT(EDATE(DATEVALUE(설정!$B$3&"-01"),2),"yyyy-mm") -> 2026-11 | B12: =$B$5 -> 0 | C12: =SUMIFS(일정!$D$4:$D$63,일정!$F$4:$F$63,A12,일정!$C$4:$C$63,"유입",일정!$E$4:$E$63,설정!$B$5) -> 0 | D12: =$B$6 -> 0 | E12: =$B$7 -> 0 | F12: =SUMIFS(일정!$D$4:$D$63,일정!$F$4:$F$63,A12,일정!$C$4:$C$63,"유출",일정!$E$4:$E$63,설정!$B$5) -> 0 | G12: =B12+C12-D12-E12-F12 -> 0 | H12: =H11+G12 -> 0 | I12: =IF(H12<$B$8,"🔴 부족","✅ 정상") -> 🔴 부족 | J12: =IF(H12<$B$8,A12&" "&TEXT(H12,"#,##0")&"원","") -> 2026-11 0원
A13: =TEXT(EDATE(DATEVALUE(설정!$B$3&"-01"),3),"yyyy-mm") -> 2026-12 | B13: =$B$5 -> 0 | C13: =SUMIFS(일정!$D$4:$D$63,일정!$F$4:$F$63,A13,일정!$C$4:$C$63,"유입",일정!$E$4:$E$63,설정!$B$5) -> 0 | D13: =$B$6 -> 0 | E13: =$B$7 -> 0 | F13: =SUMIFS(일정!$D$4:$D$63,일정!$F$4:$F$63,A13,일정!$C$4:$C$63,"유출",일정!$E$4:$E$63,설정!$B$5) -> 0 | G13: =B13+C13-D13-E13-F13 -> 0 | H13: =H12+G13 -> 0 | I13: =IF(H13<$B$8,"🔴 부족","✅ 정상") -> 🔴 부족 | J13: =IF(H13<$B$8,A13&" "&TEXT(H13,"#,##0")&"원","") -> 2026-12 0원
A14: =TEXT(EDATE(DATEVALUE(설정!$B$3&"-01"),4),"yyyy-mm") -> 2027-01 | B14: =$B$5 -> 0 | C14: =SUMIFS(일정!$D$4:$D$63,일정!$F$4:$F$63,A14,일정!$C$4:$C$63,"유입",일정!$E$4:$E$63,설정!$B$5) -> 0 | D14: =$B$6 -> 0 | E14: =$B$7 -> 0 | F14: =SUMIFS(일정!$D$4:$D$63,일정!$F$4:$F$63,A14,일정!$C$4:$C$63,"유출",일정!$E$4:$E$63,설정!$B$5) -> 0 | G14: =B14+C14-D14-E14-F14 -> 0 | H14: =H13+G14 -> 0 | I14: =IF(H14<$B$8,"🔴 부족","✅ 정상") -> 🔴 부족 | J14: =IF(H14<$B$8,A14&" "&TEXT(H14,"#,##0")&"원","") -> 2027-01 0원
A15: =TEXT(EDATE(DATEVALUE(설정!$B$3&"-01"),5),"yyyy-mm") -> 2027-02 | B15: =$B$5 -> 0 | C15: =SUMIFS(일정!$D$4:$D$63,일정!$F$4:$F$63,A15,일정!$C$4:$C$63,"유입",일정!$E$4:$E$63,설정!$B$5) -> 0 | D15: =$B$6 -> 0 | E15: =$B$7 -> 0 | F15: =SUMIFS(일정!$D$4:$D$63,일정!$F$4:$F$63,A15,일정!$C$4:$C$63,"유출",일정!$E$4:$E$63,설정!$B$5) -> 0 | G15: =B15+C15-D15-E15-F15 -> 0 | H15: =H14+G15 -> 0 | I15: =IF(H15<$B$8,"🔴 부족","✅ 정상") -> 🔴 부족 | J15: =IF(H15<$B$8,A15&" "&TEXT(H15,"#,##0")&"원","") -> 2027-02 0원
A16: =TEXT(EDATE(DATEVALUE(설정!$B$3&"-01"),6),"yyyy-mm") -> 2027-03 | B16: =$B$5 -> 0 | C16: =SUMIFS(일정!$D$4:$D$63,일정!$F$4:$F$63,A16,일정!$C$4:$C$63,"유입",일정!$E$4:$E$63,설정!$B$5) -> 0 | D16: =$B$6 -> 0 | E16: =$B$7 -> 0 | F16: =SUMIFS(일정!$D$4:$D$63,일정!$F$4:$F$63,A16,일정!$C$4:$C$63,"유출",일정!$E$4:$E$63,설정!$B$5) -> 0 | G16: =B16+C16-D16-E16-F16 -> 0 | H16: =H15+G16 -> 0 | I16: =IF(H16<$B$8,"🔴 부족","✅ 정상") -> 🔴 부족 | J16: =IF(H16<$B$8,A16&" "&TEXT(H16,"#,##0")&"원","") -> 2027-03 0원

Sheet 설정
A1: ⚙ 설정
A2: 항목 | B2: 값 | C2: 설명 | E2: 구성원 | F2: 보기 | G2: 계좌유형 | H2: 유동성 | I2: 자산군 | J2: 예산기준 | K2: 일정구분 | L2: 소유
A3: 기준월 | B3: =IF(ISNUMBER(대시보드!$C$4),TEXT(대시보드!$C$4,"yyyy-mm"),TRIM(대시보드!$C$4)) -> 2026-09 | C3: 대시보드 C4에서 입력 (yyyy-mm) | E3: 본인 | F3: 전체 | G3: 현금성 | H3: 즉시 | I3: 국내주식 | J3: 월 | K3: 유입 | L3: 본인
A4: 보기 구성원 | B4: =대시보드!$E$4 -> 전체 | C4: 대시보드 E4에서 선택 | E4: 배우자 | F4: 본인 | G4: 투자 | H4: 1년내 | I4: 해외주식 | J4: 연 | K4: 유출 | L4: 배우자
A5: 조회 조건 | B5: =IF(B4="전체","*",B4) -> * | C5: 내부 계산용 (전체 = 모든 구성원) | E5: 공동 | F5: 배우자 | G5: 연금 | H5: 장기 | I5: 채권 | K5: 알림 | L5: 공동
A6: 전월 | B6: =TEXT(EDATE(DATEVALUE(B3&"-01"),-1),"yyyy-mm") -> 2026-08 | C6: 내부 계산용 | E6: 자녀 | F6: 공동 | G6: 부동산 | I6: 현금성
A7: 기준월 번호 | B7: =VALUE(SUBSTITUTE(B3,"-","")) -> 202609 | C7: 내부 계산용 (예: 202609) | G7: 기타자산 | I7: 대체투자
A8: 연초 번호 | B8: =INT(B7/100)*100+1 -> 202601 | C8: 내부 계산용 (예: 202601) | G8: 부채
A9: 기준월(월) | B9: =MOD(B7,100) -> 9 | C9: 비정기비 연간 예산 안분용
A10: 오늘 | B10: =TODAY() -> 46306 | C10: 일정 D-day·목표 계획 진척률 계산
A11: 경영 목표 (KPI 기준값)
A12: 목표 저축률 | B12: 0.3 | C12: (소득-소비지출)/소득. 일반적 권장 30% 이상
A13: 비상자금 목표(개월) | B13: 6 | C13: 필수지출 몇 개월분을 즉시 현금으로 보유할지
A14: 부채비율 상한 | B14: 0.4 | C14: 총부채/총자산
A15: DSR 상한 | B15: 0.3 | C15: 연간 원리금/연소득 (가정 자체 목표)
A16: 리밸런싱 밴드 | B16: 0.05 | C16: 목표 비중에서 ±이 값 이상 벗어나면 알림
A17: 월 투자 납입 목표 (가계 합계) | B17: =SUM(B26:B28) -> 2200000 | C17: 투자이체+연금납입 합계 목표 = 아래 구성원별 목표의 합 (투자금 확대 핵심 지표)
A18: 최소 유지잔고 | B18: 3000000 | C18: 예상 가용현금이 이 아래로 내려가면 경고
A19: 일정 알림 일수 | B19: 30 | C19: 며칠 전부터 일정을 알릴지
A20: 목표 지연 허용폭 | B20: 0.05 | C20: 계획 진척률보다 이만큼 뒤처지면 '지연'
A21: 절세 계좌 연간 한도 (세법 개정 시 수정)
A22: 연금계좌 세액공제 한도(합산) | B22: 9000000 | C22: 연금저축+IRP 합산 세액공제 대상 한도
A23: 연금저축 세액공제 한도 | B23: 6000000 | C23: 연금저축 단독 한도
A24: ISA 연간 납입한도 | B24: 20000000 | C24: ISA 연간 납입 한도
A25: 구성원별 월 투자 납입 목표 (부부가 각자 책임지는 몫)
A26: 월 투자 납입 목표 - 본인 | B26: 1150000 | C26: 본인 보기에서 비교하는 목표
A27: 월 투자 납입 목표 - 배우자 | B27: 850000 | C27: 배우자 보기에서 비교하는 목표
A28: 월 투자 납입 목표 - 공동 | B28: 200000 | C28: 공동 보기에서 비교하는 목표
A29: 현재 보기의 투자 목표 | B29: =IF(B4="본인",B26,IF(B4="배우자",B27,IF(B4="공동",B28,B17))) -> 2200000 | C29: 내부 계산용 - 대시보드·투자 시트가 이 값과 비교

Sheet 카테고리
A1: 카테고리 | B1: 대분류 | C1: 필수지출(Y/N) | D1: 설명
A2: 급여 | B2: 소득 | C2: N
A3: 상여 | B3: 소득 | C3: N
A4: 이자배당 | B4: 소득 | C4: N
A5: 부수입 | B5: 소득 | C5: N
A6: 주거관리비 | B6: 고정비 | C6: Y
A7: 대출이자 | B7: 고정비 | C7: Y
A8: 보험료 | B8: 고정비 | C8: Y
A9: 통신비 | B9: 고정비 | C9: Y
A10: 교육비 | B10: 고정비 | C10: Y
A11: 구독료 | B11: 고정비 | C11: N
A12: 식비 | B12: 변동비 | C12: Y
A13: 외식 | B13: 변동비 | C13: N
... A19: 용돈 | B19: 변동비 | C19: N
A20: 경조사 | B20: 비정기비 | C20: N | D20: 연간 예산으로 관리
A21: 여행 | B21: 비정기비 | C21: N | D21: 연간 예산으로 관리
A22: 세금 | B22: 비정기비 | C22: Y | D22: 연간 예산으로 관리
A23: 명절 | B23: 비정기비 | C23: N | D23: 연간 예산으로 관리
A24: 투자이체 | B24: 자본이동 | C24: N | D24: 소비 아님 - 자산 간 이동
A25: 연금납입 | B25: 자본이동 | C25: N | D25: 소비 아님 - 자산 간 이동
A26: 저축이체 | B26: 자본이동 | C26: N | D26: 소비 아님 - 자산 간 이동
A27: 대출원금상환 | B27: 자본이동 | C27: N | D27: 소비 아님 - 자산 간 이동

Sheet 분류규칙
A1: 키워드(내용에 포함) | B1: 카테고리 | C1: 설명
A2: 급여 | B2: 급여 | C2: CSV 가져오기 시 위에서부터 먼저 맞는 규칙으로 자동 분류됩니다. 대소문자 무시.
A3: 상여 | B3: 상여
A4: 성과급 | B4: 상여
A5: 대출 이자 | B5: 대출이자
A6: 대출이자 | B6: 대출이자
A7: 배당 | B7: 이자배당
A8: 이자 | B8: 이자배당
A9: 강의료 | B9: 부수입
A10: 관리비 | B10: 주거관리비
A11: 보험료 | B11: 보험료
A12: 어린이보험 | B12: 보험료
A13: SKT | B13: 통신비
A14: KT 통신 | B14: 통신비
... A72: 원금상환 | B72: 대출원금상환
